Workbook

Sheet 증강_300
A1: 순번 | B1: 질문 ID | C1: 질문 | D1: Tool 선택 결과 | E1: 판정 | F1: 정답 Tool | G1: 비고 | H1: Semantic Type | I1: 난이도 | J1: Factors | K1: 실행 방식 | L1: 수정 이력 | M1: canonical_id | N1: family_id | O1: risk_tags | P1: vendor100 최근접 ID | Q1: vendor100 Jaccard | R1: vendor100 동일 정답 | S1: vendor100 template 겹침 | T1: 기타 보호셋 최근접 | U1: 기타 보호셋 Jaccard | V1: 사용 상태(제안) | W1: 상태 사유
A2: 101 | B2: 101 | C2: 대구 중구의 택시 통행량은? | F2: get_place_scope(name=중구, region=대구) get_passage_count(scope=$resolve.scope) | G2: DATA_AUGMENTATION_GUIDE 기준 의미·조건 조합 증강 | H2: PASSAGE_COUNT | I2: simple | J2: spatial_ref=대구/중구; space=admin | K2: admin | M2: aug300-101 | N2: F064 | O2: agg_absent | P2: 018 | Q2: 0.429 | S2: Y | T2: selection_v2 old44/g37 | U2: 0.467 | V2: train | W2: family 단위 분할(train family)
A3: 102 | B3: 102 | C3: 동대구역에서 택시가 얼마나 통행했어? | F3: get_place_scope(name=동대구역) get_passage_count(scope=$resolve.scope) | G3: DATA_AUGMENTATION_GUIDE 기준 의미·조건 조합 증강 | H3: PASSAGE_COUNT | I3: simple | J3: spatial_ref=동대구역; space=place | K3: place | M3: aug300-102 | N3: F051 | O3: agg_absent | P3: 018 | Q3: 0.087 | S3: N | T3: valid98 heldout_v9/h01 | U3: 0.24 | V3: train | W3: family 단위 분할(train family)
A4: 103 | B4: 103 | C4: scope:h3:8830e1d85ffffff 기준 택시 통행 건수를 알려줘. | F4: get_passage_count(scope=scope:h3:8830e1d85ffffff) | G4: DATA_AUGMENTATION_GUIDE 기준 의미·조건 조합 증강 | H4: PASSAGE_COUNT | I4: simple | J4: spatial_ref=scope:h3:8830e1d85ffffff; space=direct_scope | K4: direct_scope | M4: aug300-103 | N4: F043 | O4: agg_absent, direct_scope | P4: 082 | Q4: 0.391 | S4: N | T4: selection_v2 indepv3/m28 | U4: 0.302 | V4: holdout | W4: family 단위 분할(holdout family)
A5: 104 | B5: 104 | C5: 부산 광안리 주변의 택시 통행량을 알려줘. | F5: get_place_scope(name=광안리, region=부산, include_vicinity=true) get_passage_count(scope=$resolve.scope) | G5: DATA_AUGMENTATION_GUIDE 기준 의미·조건 조합 증강 | H5: PASSAGE_COUNT | I5: simple | J5: spatial_ref=부산/광안리(vicinity); space=vicinity | K5: vicinity | M5: aug300-104 | N5: F047 | O5: vicinity, agg_absent | P5: 034 | Q5: 0.286 | S5: N | T5: valid98 heldout_v9/h26 | U5: 0.25 | V5: train | W5: family 단위 분할(train family)
A6: 105 | B6: 105 | C6: 대구 신천동의 공차 택시 통행량은? | F6: get_place_scope(name=신천동, region=대구) get_passage_count(scope=$resolve.scope, taxi_status=vacant) | G6: DATA_AUGMENTATION_GUIDE 기준 의미·조건 조합 증강 | H6: PASSAGE_COUNT | I6: simple | J6: spatial_ref=대구/신천동; space=admin; taxi_status=vacant | K6: admin | M6: aug300-105 | N6: F062 | O6: status_vacant, agg_absent | P6: 019 | Q6: 0.812 | S6: Y | T6: selection_v2 old44/g37 | U6: 0.25 | V6: 보류_vendor100 | W6: vendor100 019와 Jaccard 0.812. 결정 D1에 따라 train 복귀 가능(holdout에는 넣지 않음)
A7: 106 | B7: 106 | C7: 부산 광안동에서 법인택시가 얼마나 통행했어? | F7: get_place_scope(name=광안동, region=부산) get_passage_count(scope=$resolve.scope, taxi_type=corporate) | G7: DATA_AUGMENTATION_GUIDE 기준 의미·조건 조합 증강 | H7: PASSAGE_COUNT | I7: simple | J7: spatial_ref=부산/광안동; space=admin; taxi_type=corporate | K7: admin | M7: aug300-106 | N7: F063 | O7: agg_absent | P7: 023 | Q7: 0.125 | S7: N | T7: selection_v2 indepv2/n08 | U7: 0.119 | V7: train | W7: family 단위 분할(train family)
A8: 107 | B8: 107 | C8: 대구 두산동 기준 개인택시 통행 건수를 알려줘. | F8: get_place_scope(name=두산동, region=대구) get_passage_count(scope=$resolve.scope, taxi_type=private) | G8: DATA_AUGMENTATION_GUIDE 기준 의미·조건 조합 증강 | H8: PASSAGE_COUNT | I8: simple | J8: spatial_ref=대구/두산동; space=admin; taxi_type=private | K8: admin | M8: aug300-107 | N8: F063 | O8: agg_absent | P8: 060 | Q8: 0.111 | S8: N | T8: valid98 heldout_v9/h26 | U8: 0.105 | V8: train | W8: family 단위 분할(train family)
A9: 108 | B9: 108 | C9: 이번 달 scope:district:2600000000의 택시 통행량을 알려줘. | F9: get_passage_count(scope=scope:district:2600000000, date=this_month) | G9: DATA_AUGMENTATION_GUIDE 기준 의미·조건 조합 증강 | H9: PASSAGE_COUNT | I9: simple | J9: spatial_ref=scope:district:2600000000; space=direct_scope; date=this_month | K9: direct_scope | M9: aug300-108 | N9: F041 | O9: agg_absent, direct_scope | P9: 088 | Q9: 0.625 | S9: N | T9: valid98 heldout_v9/h36 | U9: 0.396 | V9: 보류_vendor100 | W9: vendor100 088와 Jaccard 0.625. 결정 D1에 따라 train 복귀 가능(holdout에는 넣지 않음)
A10: 109 | B10: 109 | C10: 이번 주 대구 동성로의 택시 통행량은? | F10: get_place_scope(name=동성로, region=대구) get_passage_count(scope=$resolve.scope, date=this_week) | G10: DATA_AUGMENTATION_GUIDE 기준 의미·조건 조합 증강 | H10: PASSAGE_COUNT | I10: simple | J10: spatial_ref=대구/동성로; space=place; date=this_week | K10: place | M10: aug300-109 | N10: F060 | O10: agg_absent | P10: 018 | Q10: 0.333 | S10: N | T10: selection_v2 old44/g37 | U10: 0.3 | V10: train | W10: family 단위 분할(train family)
A11: 110 | B11: 110 | C11: 부산 초읍동 어린이대공원 주변에서 실차 택시가 얼마나 통행했어? | F11: get_place_scope(name=어린이대공원, region=부산 초읍동, include_vicinity=true) get_passage_count(scope=$resolve.scope, taxi_status=occupied) | G11: DATA_AUGMENTATION_GUIDE 기준 의미·조건 조합 증강 | H11: PASSAGE_COUNT | I11: simple | J11: spatial_ref=부산 초읍동/어린이대공원(vicinity); space=vicinity; taxi_status=occupied | K11: vicinity | M11: aug300-110 | N11: F046 | O11: occupied_passage, vicinity, agg_absent | P11: 074 | Q11: 0.361 | S11: N | T11: selection_v2 indepv2/n33 | U11: 0.104 | V11: train | W11: family 단위 분할(train family)
A12: 111 | B12: 111 | C12: 대구 달서구의 읍면동별 택시 통행량을 알려줘. | F12: get_place_scope(name=달서구, region=대구) get_passage_count(scope=$resolve.scope, dimension=emd) | G12: DATA_AUGMENTATION_GUIDE 기준 의미·조건 조합 증강 | H12: PASSAGE_COUNT | I12: simple | J12: spatial_ref=대구/달서구; space=admin; group_by=emd | K12: admin | M12: aug300-111 | N12: F061 | O12: agg_absent, group_by | P12: 060 | Q12: 0.379 | S12: N | T12: valid98 heldout_v9/h26 | U12: 0.235 | V12: train | W12: family 단위 분할(train family)
A13: 112 | B13: 112 | C13: scope:district:2700000000의 시군구별 택시 통행량을 알려줘. | F13: get_passage_count(scope=scope:district:2700000000, dimension=sigungu) | G13: DATA_AUGMENTATION_GUIDE 기준 의미·조건 조합 증강 | H13: PASSAGE_COUNT | I13: simple | J13: spatial_ref=scope:district:2700000000; space=direct_scope; group_by=sigungu | K13: direct_scope | M13: aug300-112 | N13: F042 | O13: agg_absent, group_by, direct_scope | P13: 042 | Q13: 0.524 | S13: N | T13: valid98 heldout_v9/h36 | U13: 0.36 | V13: 보류_vendor100 | W13: vendor100 042와 Jaccard 0.524. 결정 D1에 따라 train 복귀 가능(holdout에는 넣지 않음)
... A15: 114 | B15: 114 | C15: 주말 대구 두류동의 개인 대기영업 택시 통행량은? | F15: get_place_scope(name=두류동, region=대구) get_passage_count(scope=$resolve.scope, date=weekend, taxi_type=private, taxi_status=stationary) | G15: DATA_AUGMENTATION_GUIDE 기준 의미·조건 조합 증강 | H15: PASSAGE_COUNT | I15: medium | J15: spatial_ref=대구/두류동; space=admin; date=weekend; taxi_type=private; taxi_status=stationary | K15: admin | M15: aug300-114 | N15: F058 | O15: status_stationary, agg_absent | P15: 055 | Q15: 0.81 | S15: Y | T15: selection_v2 old44/g03 | U15: 0.226 | V15: 보류_vendor100 | W15: vendor100 055와 Jaccard 0.810. 결정 D1에 따라 train 복귀 가능(holdout에는 넣지 않음)
A16: 115 | B16: 115 | C16: 주중 오전 8시 30분부터 10시까지 부산 초읍동에서 개인 공차 택시가 얼마나 통행했어? | F16: get_place_scope(name=초읍동, region=부산) get_passage_count(scope=$resolve.scope, date=weekday, time=083000-100000, taxi_type=private, taxi_status=vacant) | G16: DATA_AUGMENTATION_GUIDE 기준 의미·조건 조합 증강 | H16: PASSAGE_COUNT | I16: medium | J16: spatial_ref=부산/초읍동; space=admin; date=weekday; time=083000-100000; taxi_type=private; taxi_status=vacant | K16: admin | M16: aug300-115 | N16: F057 | O16: status_vacant, agg_absent | P16: 072 | Q16: 0.396 | R16: 072 | S16: Y | T16: selection_v2 old44/g39 | U16: 0.173 | V16: 보류_vendor100 | W16: 정답 tool call이 vendor100 072와 같음. 결정 D1에 따라 train 복귀 가능(holdout에는 넣지 않음)
A17: 116 | B17: 116 | C17: 지난달 부산 광안리 기준 법인 실차 택시 통행 건수를 알려줘. | F17: get_place_scope(name=광안리, region=부산) get_passage_count(scope=$resolve.scope, date=last_month, taxi_type=corporate, taxi_status=occupied) | G17: DATA_AUGMENTATION_GUIDE 기준 의미·조건 조합 증강 | H17: PASSAGE_COUNT | I17: medium | J17: spatial_ref=부산/광안리; space=place; date=last_month; taxi_type=corporate; taxi_status=occupied | K17: place | M17: aug300-116 | N17: F047 | O17: occupied_passage, agg_absent | P17: 054 | Q17: 0.2 | S17: Y | T17: valid98 heldout_v9/h05 | U17: 0.102 | V17: train | W17: family 단위 분할(train family)
A18: 117 | B18: 117 | C18: 지난주 오후 6시부터 8시까지 scope:district:2726000000의 공차 택시 통행량을 알려줘. | F18: get_passage_count(scope=scope:district:2726000000, date=last_week, time=180000-200000, taxi_status=vacant) | G18: DATA_AUGMENTATION_GUIDE 기준 의미·조건 조합 증강 | H18: PASSAGE_COUNT | I18: medium | J18: spatial_ref=scope:district:2726000000; space=direct_scope; date=last_week; time=180000-200000; taxi_status=vacant | K18: direct_scope | M18: aug300-117 | N18: F039 | O18: status_vacant, agg_absent, direct_scope | P18: 042 | Q18: 0.481 | S18: N | T18: valid98 heldout_v9/h36 | U18: 0.373 | V18: train | W18: family 단위 분할(train family)
A19: 118 | B19: 118 | C19: 휴일 오후 6시부터 8시까지 동대구역 주변의 법인택시 통행량은? | F19: get_place_scope(name=동대구역, include_vicinity=true) get_passage_count(scope=$resolve.scope, date=holiday, time=180000-200000, taxi_type=corporate) | G19: DATA_AUGMENTATION_GUIDE 기준 의미·조건 조합 증강 | H19: PASSAGE_COUNT | I19: medium | J19: spatial_ref=동대구역(vicinity); space=vicinity; date=holiday; time=180000-200000; taxi_type=corporate | K19: vicinity | M19: aug300-118 | N19: F051 | O19: vicinity, agg_absent | P19: 001 | Q19: 0.432 | S19: N | T19: aux_test_v1 final_v12/f31 | U19: 0.217 | V19: train | W19: family 단위 분할(train family)
A20: 119 | B20: 119 | C20: 이번 주 대구 중심지 주변에서 실차 택시가 얼마나 통행했어? | F20: get_place_scope(name=중심지, region=대구, include_vicinity=true) get_passage_count(scope=$resolve.scope, date=this_week, taxi_status=occupied) | G20: DATA_AUGMENTATION_GUIDE 기준 의미·조건 조합 증강 | H20: PASSAGE_COUNT | I20: medium | J20: spatial_ref=대구/중심지(vicinity); space=vicinity; date=this_week; taxi_status=occupied | K20: vicinity | M20: aug300-119 | N20: F045 | O20: occupied_passage, vicinity, agg_absent | P20: 058 | Q20: 0.086 | S20: Y | T20: selection_v2 contrast/c03d | U20: 0.079 | V20: train | W20: family 단위 분할(train family)
A21: 120 | B21: 120 | C21: 지난주 대구 중구의 읍면동별 공차 택시 통행량을 알려줘. | F21: get_place_scope(name=중구, region=대구) get_passage_count(scope=$resolve.scope, date=last_week, taxi_status=vacant, dimension=emd) | G21: DATA_AUGMENTATION_GUIDE 기준 의미·조건 조합 증강 | H21: PASSAGE_COUNT | I21: medium | J21: spatial_ref=대구/중구; space=admin; date=last_week; taxi_status=vacant; group_by=emd | K21: admin | M21: aug300-120 | N21: F055 | O21: status_vacant, agg_absent, group_by | P21: 080 | Q21: 0.483 | S21: N | T21: selection_v2 old44/g06 | U21: 0.406 | V21: train | W21: family 단위 분할(train family)
A22: 121 | B22: 121 | C22: 이번 주 부산의 시군구별 법인택시 통행량을 알려줘. | F22: get_place_scope(name=부산) get_passage_count(scope=$resolve.scope, date=this_week, taxi_type=corporate, dimension=sigungu) | G22: DATA_AUGMENTATION_GUIDE 기준 의미·조건 조합 증강 | H22: PASSAGE_COUNT | I22: medium | J22: spatial_ref=부산; space=admin; date=this_week; taxi_type=corporate; group_by=sigungu | K22: admin | M22: aug300-121 | N22: F050 | O22: agg_absent, group_by | P22: 002 | Q22: 0.452 | S22: N | T22: valid98 heldout_v9/h26 | U22: 0.222 | V22: holdout | W22: family 단위 분할(holdout family)
A23: 122 | B23: 122 | C23: 주말 대구 달서구의 읍면동별 개인택시 통행량을 알려줘. | F23: get_place_scope(name=달서구, region=대구) get_passage_count(scope=$resolve.scope, date=weekend, taxi_type=private, dimension=emd) | G23: DATA_AUGMENTATION_GUIDE 기준 의미·조건 조합 증강 | H23: PASSAGE_COUNT | I23: medium | J23: spatial_ref=대구/달서구; space=admin; date=weekend; taxi_type=private; group_by=emd | K23: admin | M23: aug300-122 | N23: F056 | O23: agg_absent, group_by | P23: 060 | Q23: 0.257 | S23: N | T23: selection_v2 old44/g03 | U23: 0.242 | V23: train | W23: family 단위 분할(train family)
A24: 123 | B24: 123 | C24: 이번 달 scope:district:2600000000의 읍면동별 실차 택시 통행량을 알려줘. | F24: get_passage_count(scope=scope:district:2600000000, date=this_month, taxi_status=occupied, dimension=emd) | G24: DATA_AUGMENTATION_GUIDE 기준 의미·조건 조합 증강 | H24: PASSAGE_COUNT | I24: medium | J24: spatial_ref=scope:district:2600000000; space=direct_scope; date=this_month; taxi_status=occupied; group_by=emd | K24: direct_scope | M24: aug300-123 | N24: F038 | O24: occupied_passage, agg_absent, group_by, direct_scope | P24: 088 | Q24: 0.614 | S24: N | T24: valid98 heldout_v9/h36 | U24: 0.352 | V24: 보류_vendor100 | W24: vendor100 088와 Jaccard 0.614. 결정 D1에 따라 train 복귀 가능(holdout에는 넣지 않음)
A25: 124 | B25: 124 | C25: 지난달 대구 수성구의 H3 셀별 법인택시 통행량을 알려줘. | F25: get_place_scope(name=수성구, region=대구) get_passage_count(scope=$resolve.scope, date=last_month, taxi_type=corporate, dimension=h3) | G25: DATA_AUGMENTATION_GUIDE 기준 의미·조건 조합 증강 | H25: PASSAGE_COUNT | I25: medium | J25: spatial_ref=대구/수성구; space=admin; date=last_month; taxi_type=corporate; group_by=h3 | K25: admin | M25: aug300-124 | N25: F056 | O25: agg_absent, group_by | P25: 037 | Q25: 0.256 | S25: N | T25: valid98 heldout_v9/h26 | U25: 0.205 | V25: train | W25: family 단위 분할(train family)
A26: 125 | B26: 125 | C26: 2026년 6월 2일 오후 6시부터 8시까지 부산 광안동의 실차 택시 통행량을 알려줘. | F26: get_place_scope(name=광안동, region=부산) get_passage_count(scope=$resolve.scope, date=20260602, time=180000-200000, taxi_status=occupied) | G26: DATA_AUGMENTATION_GUIDE 기준 의미·조건 조합 증강 | H26: PASSAGE_COUNT | I26: medium | J26: spatial_ref=부산/광안동; space=admin; date=20260602; time=180000-200000; taxi_status=occupied | K26: admin | M26: aug300-125 | N26: F059 | O26: occupied_passage, agg_absent | P26: 054 | Q26: 0.297 | S26: N | T26: selection_v2 old44/g18 | U26: 0.2 | V26: train | W26: family 단위 분할(train family)
A27: 126 | B27: 126 | C27: 지난주 오전 7시부터 9시까지 대구 동인동의 공차 택시 통행량은? | F27: get_place_scope(name=동인동, region=대구) get_passage_count(scope=$resolve.scope, date=last_week, time=070000-090000, taxi_status=vacant) | G27: DATA_AUGMENTATION_GUIDE 기준 의미·조건 조합 증강 | H27: PASSAGE_COUNT | I27: medium | J27: spatial_ref=대구/동인동; space=admin; date=last_week; time=070000-090000; taxi_status=vacant | K27: admin | M27: aug300-126 | N27: F059 | O27: status_vacant, agg_absent | P27: 056 | Q27: 0.364 | S27: N | T27: aux_test_v1 final_v12/f31 | U27: 0.217 | V27: train | W27: family 단위 분할(train family)
A28: 127 | B28: 127 | C28: 주말 오전 7시부터 9시까지 scope:h3:8830e1d87ffffff에서 개인택시가 얼마나 통행했어? | F28: get_passage_count(scope=scope:h3:8830e1d87ffffff, date=weekend, time=070000-090000, taxi_type=private) | G28: DATA_AUGMENTATION_GUIDE 기준 의미·조건 조합 증강 | H28: PASSAGE_COUNT | I28: medium | J28: spatial_ref=scope:h3:8830e1d87ffffff; space=direct_scope; date=weekend; time=070000-090000; taxi_type=private | K28: direct_scope | M28: aug300-127 | N28: F040 | O28: agg_absent, direct_scope | P28: 051 | Q28: 0.41 | S28: N | T28: selection_v2 indepv3/m28 | U28: 0.239 | V28: train | W28: family 단위 분할(train family)
... A30: 129 | B30: 129 | C30: 이번 주 대구 서구의 법인 공차 택시 통행량을 알려줘. | F30: get_place_scope(name=서구, region=대구) get_passage_count(scope=$resolve.scope, date=this_week, taxi_type=corporate, taxi_status=vacant) | G30: DATA_AUGMENTATION_GUIDE 기준 의미·조건 조합 증강 | H30: PASSAGE_COUNT | I30: medium | J30: spatial_ref=대구/서구; space=admin; date=this_week; taxi_type=corporate; taxi_status=vacant | K30: admin | M30: aug300-129 | N30: F058 | O30: status_vacant, agg_absent | P30: 019 | Q30: 0.2 | S30: Y | T30: valid98 heldout_v9/h26 | U30: 0.257 | V30: train | W30: family 단위 분할(train family)
A31: 130 | B31: 130 | C31: 이번 달 부산 부산진구의 읍면동별 법인택시 통행량을 알려줘. | F31: get_place_scope(name=부산진구, region=부산) get_passage_count(scope=$resolve.scope, date=this_month, taxi_type=corporate, dimension=emd) | G31: DATA_AUGMENTATION_GUIDE 기준 의미·조건 조합 증강 | H31: PASSAGE_COUNT | I31: medium | J31: spatial_ref=부산/부산진구; space=admin; date=this_month; taxi_type=corporate; group_by=emd | K31: admin | L31: Factors / 정답 Tool / 질문 수정(셀 메모 참고) | M31: aug300-130 | N31: F056 | O31: agg_absent, group_by | P31: 079 | Q31: 0.25 | S31: N | T31: selection_v2 old44/g06 | U31: 0.306 | V31: train | W31: family 단위 분할(train family)
A32: 131 | B32: 131 | C32: 지난주 오후 6시부터 8시까지 대구의 읍면동별 법인 공차 택시 통행량 상위 3곳은? | F32: get_place_scope(name=대구) get_passage_count(scope=$resolve.scope, date=last_week, time=180000-200000, taxi_type=corporate, taxi_status=vacant, dimension=emd, order=top, limit=3) | G32: DATA_AUGMENTATION_GUIDE 기준 의미·조건 조합 증강 | H32: PASSAGE_COUNT | I32: complex | J32: spatial_ref=대구; space=admin; date=last_week; time=180000-200000; taxi_type=corporate; taxi_status=vacant; group_by=emd; order=top; limit=3 | K32: admin | M32: aug300-131 | N32: F048 | O32: status_vacant, agg_absent, group_by, ranking | P32: 046 | Q32: 0.477 | S32: Y | T32: selection_v2 old44/g06 | U32: 0.244 | V32: train | W32: family 단위 분할(train family)
A33: 132 | B33: 132 | C33: 이번 달 부산에서 시군구별 법인 실차 택시 통행량을 집계했을 때 상위 2곳은? | F33: get_place_scope(name=부산) get_passage_count(scope=$resolve.scope, date=this_month, taxi_type=corporate, taxi_status=occupied, dimension=sigungu, order=top, limit=2) | G33: DATA_AUGMENTATION_GUIDE 기준 의미·조건 조합 증강 | H33: PASSAGE_COUNT | I33: complex | J33: spatial_ref=부산; space=admin; date=this_month; taxi_type=corporate; taxi_status=occupied; group_by=sigungu; order=top; limit=2 | K33: admin | M33: aug300-132 | N33: F049 | O33: occupied_passage, agg_absent, group_by, ranking | P33: 005 | Q33: 0.514 | R33: 005 | S33: Y | T33: selection_v2 contrast/c05a | U33: 0.231 | V33: 보류_vendor100 | W33: 정답 tool call이 vendor100 005와 같음; vendor100 005와 Jaccard 0.514. 결정 D1에 따라 train 복귀 가능(holdout에는 넣지 않음)
A34: 133 | B34: 133 | C34: 주말 오전 7시부터 9시까지 대구 중구의 H3 셀별 개인택시 통행량 상위 2곳은? | F34: get_place_scope(name=중구, region=대구) get_passage_count(scope=$resolve.scope, date=weekend, time=070000-090000, taxi_type=private, dimension=h3, order=top, limit=2) | G34: DATA_AUGMENTATION_GUIDE 기준 의미·조건 조합 증강 | H34: PASSAGE_COUNT | I34: complex | J34: spatial_ref=대구/중구; space=admin; date=weekend; time=070000-090000; taxi_type=private; group_by=h3; order=top; limit=2 | K34: admin | M34: aug300-133 | N34: F054 | O34: agg_absent, group_by, ranking | P34: 032 | Q34: 0.459 | S34: N | T34: selection_v2 old44/g06 | U34: 0.222 | V34: holdout | W34: family 단위 분할(holdout family)
A35: 134 | B35: 134 | C35: 주말 오후 6시부터 8시까지 부산 광안리 주변의 읍면동별 법인 공차 택시 통행량 하위 3곳은? | F35: get_place_scope(name=광안리, region=부산, include_vicinity=true) get_passage_count(scope=$resolve.scope, date=weekend, time=180000-200000, taxi_type=corporate, taxi_status=vacant, dimension=emd, order=bottom, limit=3) | G35: DATA_AUGMENTATION_GUIDE 기준 의미·조건 조합 증강 | H35: PASSAGE_COUNT | I35: complex | J35: spatial_ref=부산/광안리(vicinity); space=vicinity; date=weekend; time=180000-200000; taxi_type=corporate; taxi_status=vacant; group_by=emd; order=bottom; limit=3 | K35: vicinity | M35: aug300-134 | N35: F047 | O35: status_vacant, vicinity, agg_absent, group_by, ranking | P35: 001 | Q35: 0.362 | S35: N | T35: selection_v2 old44/g06 | U35: 0.224 | V35: train | W35: family 단위 분할(train family)
A36: 135 | B36: 135 | C36: 휴일 오후 6시부터 8시까지 부산 초읍동 어린이대공원 주변의 읍면동별 개인 대기영업 택시 통행량 상위 2곳은? | F36: get_place_scope(name=어린이대공원, region=부산 초읍동, include_vicinity=true) get_passage_count(scope=$resolve.scope, date=holiday, time=180000-200000, taxi_type=private, taxi_status=stationary, dimension=emd, order=top, limit=2) | G36: DATA_AUGMENTATION_GUIDE 기준 의미·조건 조합 증강 | H36: PASSAGE_COUNT | I36: complex | J36: spatial_ref=부산 초읍동/어린이대공원(vicinity); space=vicinity; date=holiday; time=180000-200000; taxi_type=private; taxi_status=stationary; group_by=emd; order=top; limit=2 | K36: vicinity | M36: aug300-135 | N36: F047 | O36: status_stationary, vicinity, agg_absent, group_by, ranking | P36: 064 | Q36: 0.4 | S36: N | T36: selection_v2 contrast/c05a | U36: 0.167 | V36: train | W36: family 단위 분할(train family)
A37: 136 | B37: 136 | C37: 지난주 자정부터 오전 4시까지 scope:district:2700000000의 시군구별 공차 택시 통행량 하위 2곳은? | F37: get_passage_count(scope=scope:district:2700000000, date=last_week, time=000000-040000, taxi_status=vacant, dimension=sigungu, order=bottom, limit=2) | G37: DATA_AUGMENTATION_GUIDE 기준 의미·조건 조합 증강 | H37: PASSAGE_COUNT | I37: complex | J37: spatial_ref=scope:district:2700000000; space=direct_scope; date=last_week; time=000000-040000; taxi_status=vacant; group_by=sigungu; order=bottom; limit=2 | K37: direct_scope | M37: aug300-136 | N37: F037 | O37: status_vacant, agg_absent, group_by, ranking, direct_scope | P37: 009 | Q37: 0.462 | S37: N | T37: aux_test_v1 final_v12/f17 | U37: 0.262 | V37: train | W37: family 단위 분할(train family)
A38: 137 | B38: 137 | C38: 지난달 오후 6시부터 8시까지 대구 수성구의 읍면동별 법인 실차 택시 통행량 중 가장 많은 곳은? | F38: get_place_scope(name=수성구, region=대구) get_passage_count(scope=$resolve.scope, date=last_month, time=180000-200000, taxi_type=corporate, taxi_status=occupied, dimension=emd, order=top, limit=1) | G38: DATA_AUGMENTATION_GUIDE 기준 의미·조건 조합 증강 | H38: PASSAGE_COUNT | I38: complex | J38: spatial_ref=대구/수성구; space=admin; date=last_month; time=180000-200000; taxi_type=corporate; taxi_status=occupied; group_by=emd; order=top; limit=1 | K38: admin | M38: aug300-137 | N38: F052 | O38: occupied_passage, agg_absent, group_by, ranking | P38: 037 | Q38: 0.524 | S38: N | T38: selection_v2 old44/g04 | U38: 0.2 | V38: 보류_vendor100 | W38: vendor100 037와 Jaccard 0.524. 결정 D1에 따라 train 복귀 가능(holdout에는 넣지 않음)
A39: 138 | B39: 138 | C39: 주중 오전 8시 30분부터 10시까지 대구 달서구의 읍면동별 개인 공차 택시 통행량 하위 3곳은? | F39: get_place_scope(name=달서구, region=대구) get_passage_count(scope=$resolve.scope, date=weekday, time=083000-100000, taxi_type=private, taxi_status=vacant, dimension=emd, order=bottom, limit=3) | G39: DATA_AUGMENTATION_GUIDE 기준 의미·조건 조합 증강 | H39: PASSAGE_COUNT | I39: complex | J39: spatial_ref=대구/달서구; space=admin; date=weekday; time=083000-100000; taxi_type=private; taxi_status=vacant; group_by=emd; order=bottom; limit=3 | K39: admin | M39: aug300-138 | N39: F052 | O39: status_vacant, agg_absent, group_by, ranking | P39: 008 | Q39: 0.333 | S39: N | T39: selection_v2 old44/g39 | U39: 0.208 | V39: holdout | W39: family 단위 분할(holdout family)
A40: 139 | B40: 139 | C40: 2026년 6월 2일 오전 7시부터 9시까지 부산 부산진구의 읍면동별 법인 실차 택시 통행량 상위 3곳은? | F40: get_place_scope(name=부산진구, region=부산) get_passage_count(scope=$resolve.scope, date=20260602, time=070000-090000, taxi_type=corporate, taxi_status=occupied, dimension=emd, order=top, limit=3) | G40: DATA_AUGMENTATION_GUIDE 기준 의미·조건 조합 증강 | H40: PASSAGE_COUNT | I40: complex | J40: spatial_ref=부산/부산진구; space=admin; date=20260602; time=070000-090000; taxi_type=corporate; taxi_status=occupied; group_by=emd; order=top; limit=3 | K40: admin | M40: aug300-139 | N40: F052 | O40: occupied_passage, agg_absent, group_by, ranking | P40: 030 | Q40: 0.31 | S40: N | T40: selection_v2 old44/g06 | U40: 0.179 | V40: holdout | W40: family 단위 분할(holdout family)
A41: 140 | B41: 140 | C41: 2026년 6월 1일부터 5일까지 오후 6시부터 8시까지 scope:district:2600000000의 시군구별 실차 택시 통행량 하위 2곳은? | F41: get_passage_count(scope=scope:district:2600000000, date=20260601-20260605, time=180000-200000, taxi_status=occupied, dimension=sigungu, order=bottom, limit=2) | G41: DATA_AUGMENTATION_GUIDE 기준 의미·조건 조합 증강 | H41: PASSAGE_COUNT | I41: complex | J41: spatial_ref=scope:district:2600000000; space=direct_scope; date=20260601-20260605; time=180000-200000; taxi_status=occupied; group_by=sigungu; order=bottom; limit=2 | K41: direct_scope | M41: aug300-140 | N41: F037 | O41: occupied_passage, agg_absent, group_by, ranking, direct_scope | P41: 088 | Q41: 0.343 | S41: N | T41: aux_test_v1 final_v12/f17 | U41: 0.236 | V41: train | W41: family 단위 분할(train family)
A42: 141 | B42: 141 | C42: 2026년 6월 5일 자정부터 오전 4시까지 대구 동구의 읍면동별 개인 대기영업 택시 통행량 상위 2곳은? | F42: get_place_scope(name=동구, region=대구) get_passage_count(scope=$resolve.scope, date=20260605, time=000000-040000, taxi_type=private, taxi_status=stationary, dimension=emd, order=top, limit=2) | G42: DATA_AUGMENTATION_GUIDE 기준 의미·조건 조합 증강 | H42: PASSAGE_COUNT | I42: complex | J42: spatial_ref=대구/동구; space=admin; date=20260605; time=000000-040000; taxi_type=private; taxi_status=stationary; group_by=emd; order=top; limit=2 | K42: admin | M42: aug300-141 | N42: F052 | O42: status_stationary, agg_absent, group_by, ranking | P42: 075 | Q42: 0.277 | S42: N | T42: selection_v2 old44/g06 | U42: 0.179 | V42: holdout | W42: family 단위 분할(holdout family)
A43: 142 | B43: 142 | C43: 이번 달 오후 6시부터 8시까지 대구 중심지 주변의 H3 셀별 법인 공차 택시 통행량 상위 3곳은? | F43: get_place_scope(name=중심지, region=대구, include_vicinity=true) get_passage_count(scope=$resolve.scope, date=this_month, time=180000-200000, taxi_type=corporate, taxi_status=vacant, dimension=h3, order=top, limit=3) | G43: DATA_AUGMENTATION_GUIDE 기준 의미·조건 조합 증강 | H43: PASSAGE_COUNT | I43: complex | J43: spatial_ref=대구/중심지(vicinity); space=vicinity; date=this_month; time=180000-200000; taxi_type=corporate; taxi_status=vacant; group_by=h3; order=top; limit=3 | K43: vicinity | M43: aug300-142 | N43: F047 | O43: status_vacant, vicinity, agg_absent, group_by, ranking | P43: 046 | Q43: 0.296 | S43: N | T43: aux_test_v1 final_v12/f31 | U43: 0.153 | V43: train | W43: family 단위 분할(train family)
A44: 143 | B44: 143 | C44: 2026년 6월 3일 오후 6시부터 8시까지 부산 수영구의 읍면동별 공차 택시 통행량 중 가장 적은 곳은? | F44: get_place_scope(name=수영구, region=부산) get_passage_count(scope=$resolve.scope, date=20260603, time=180000-200000, taxi_status=vacant, dimension=emd, order=bottom, limit=1) | G44: DATA_AUGMENTATION_GUIDE 기준 의미·조건 조합 증강 | H44: PASSAGE_COUNT | I44: complex | J44: spatial_ref=부산/수영구; space=admin; date=20260603; time=180000-200000; taxi_status=vacant; group_by=emd; order=bottom; limit=1 | K44: admin | M44: aug300-143 | N44: F053 | O44: status_vacant, agg_absent, group_by, ranking | P44: 046 | Q44: 0.321 | S44: N | T44: selection_v2 old44/g18 | U44: 0.177 | V44: holdout | W44: family 단위 분할(holdout family)
A45: 144 | B45: 144 | C45: 대구 중구의 평균 속도는? | F45: get_place_scope(name=중구, region=대구) get_passage_metrics(metric=speed, scope=$resolve.scope, aggregation=avg) | G45: DATA_AUGMENTATION_GUIDE 기준 의미·조건 조합 증강 | H45: PASSAGE_METRIC | I45: simple | J45: spatial_ref=대구/중구; space=admin; metric=speed; aggregation=avg | K45: admin | M45: aug300-144 | N45: F070 | O45: agg_explicit | P45: 033 | Q45: 0.538 | R45: 033 | S45: Y | T45: valid98 heldout_v9/h31 | U45: 0.154 | V45: 보류_vendor100 | W45: 정답 tool call이 vendor100 033와 같음; vendor100 033와 Jaccard 0.538. 결정 D1에 따라 train 복귀 가능(holdout에는 넣지 않음)
A46: 145 | B46: 145 | C46: 동대구역에서 기록된 평균 속도 값을 알려줘. | F46: get_place_scope(name=동대구역) get_passage_metrics(metric=speed, scope=$resolve.scope, aggregation=avg) | G46: DATA_AUGMENTATION_GUIDE 기준 의미·조건 조합 증강 | H46: PASSAGE_METRIC | I46: simple | J46: spatial_ref=동대구역; space=place; metric=speed; aggregation=avg | K46: place | M46: aug300-145 | N46: F067 | O46: agg_explicit | P46: 068 | Q46: 0.167 | S46: N | T46: valid98 heldout_v9/h01 | U46: 0.222 | V46: holdout | W46: family 단위 분할(holdout family)
A47: 146 | B47: 146 | C47: scope:edge:1742 기준 평균 속도 값이 얼마야? | F47: get_passage_metrics(metric=speed, scope=scope:edge:1742, aggregation=avg) | G47: DATA_AUGMENTATION_GUIDE 기준 의미·조건 조합 증강 | H47: PASSAGE_METRIC | I47: simple | J47: spatial_ref=scope:edge:1742; space=direct_scope; metric=speed; aggregation=avg | K47: direct_scope | M47: aug300-146 | N47: F066 | O47: agg_explicit, direct_scope | P47: 094 | Q47: 0.455 | S47: N | T47: selection_v2 old44/g36 | U47: 0.382 | V47: holdout | W47: family 단위 분할(holdout family)
A48: 147 | B48: 147 | C48: scope:h3:8830e1d87ffffff의 최대 RPM 값을 조회해줘. | F48: get_passage_metrics(metric=rpm, scope=scope:h3:8830e1d87ffffff, aggregation=max) | G48: DATA_AUGMENTATION_GUIDE 기준 의미·조건 조합 증강 | H48: PASSAGE_METRIC | I48: simple | J48: spatial_ref=scope:h3:8830e1d87ffffff; space=direct_scope; metric=rpm; aggregation=max | K48: direct_scope | M48: aug300-147 | N48: F066 | O48: agg_explicit, direct_scope | P48: 051 | Q48: 0.532 | S48: N | T48: selection_v2 indepv3/m28 | U48: 0.302 | V48: 보류_vendor100 | W48: vendor100 051와 Jaccard 0.532. 결정 D1에 따라 train 복귀 가능(holdout에는 넣지 않음)
A49: 148 | B49: 148 | C49: 대구 동성로 주변의 최소 속도는? | F49: get_place_scope(name=동성로, region=대구, include_vicinity=true) get_passage_metrics(metric=speed, scope=$resolve.scope, aggregation=min) | G49: DATA_AUGMENTATION_GUIDE 기준 의미·조건 조합 증강 | H49: PASSAGE_METRIC | I49: simple | J49: spatial_ref=대구/동성로(vicinity); space=vicinity; metric=speed; aggregation=min | K49: vicinity | M49: aug300-148 | N49: F071 | O49: vicinity, agg_explicit | P49: 058 | Q49: 0.421 | S49: N | T49: valid98 heldout_v9/h32 | U49: 0.083 | V49: train | W49: family 단위 분할(train family)
A50: 149 | B50: 149 | C50: 부산 초읍동 어린이대공원에서 기록된 평균 RPM 값을 알려줘. | F50: get_place_scope(name=어린이대공원, region=부산 초읍동) get_passage_metrics(metric=rpm, scope=$resolve.scope, aggregation=avg) | G50: DATA_AUGMENTATION_GUIDE 기준 의미·조건 조합 증강 | H50: PASSAGE_METRIC | I50: simple | J50: spatial_ref=부산 초읍동/어린이대공원; space=place; metric=rpm; aggregation=avg | K50: place | M50: aug300-149 | N50: F071 | O50: agg_explicit | P50: 074 | Q50: 0.231 | S50: Y | T50: selection_v2 indepv4/k05 | U50: 0.174 | V50: train | W50: family 단위 분할(train family)
A51: 150 | B51: 150 | C51: 부산 광안리 기준 최대 속도 값이 얼마야? | F51: get_place_scope(name=광안리, region=부산) get_passage_metrics(metric=speed, scope=$resolve.scope, aggregation=max) | G51: DATA_AUGMENTATION_GUIDE 기준 의미·조건 조합 증강 | H51: PASSAGE_METRIC | I51: simple | J51: spatial_ref=부산/광안리; space=place; metric=speed; aggregation=max | K51: place | M51: aug300-150 | N51: F071 | O51: agg_explicit | P51: 096 | Q51: 0.2 | S51: Y | T51: valid98 heldout_v8/r01 | U51: 0.103 | V51: train | W51: family 단위 분할(train family)
A52: 151 | B52: 151 | C52: 대구 수성구의 RPM 중간값을 조회해줘. | F52: get_place_scope(name=수성구, region=대구) get_passage_metrics(metric=rpm, scope=$resolve.scope, aggregation=med) | G52: DATA_AUGMENTATION_GUIDE 기준 의미·조건 조합 증강 | H52: PASSAGE_METRIC | I52: simple | J52: spatial_ref=대구/수성구; space=admin; metric=rpm; aggregation=med | K52: admin | M52: aug300-151 | N52: F070 | O52: agg_explicit | P52: 027 | Q52: 0.2 | S52: Y | T52: selection_v2 old44/g08 | U52: 0.194 | V52: train | W52: family 단위 분할(train family)
A53: 152 | B53: 152 | C53: 대구 달서구의 평균 속도는? | F53: get_place_scope(name=달서구, region=대구) get_passage_metrics(metric=speed, scope=$resolve.scope, aggregation=avg) | G53: DATA_AUGMENTATION_GUIDE 기준 의미·조건 조합 증강 | H53: PASSAGE_METRIC | I53: simple | J53: spatial_ref=대구/달서구; space=admin; metric=speed; aggregation=avg | K53: admin | M53: aug300-152 | N53: F070 | O53: agg_explicit | P53: 050 | Q53: 0.455 | S53: Y | T53: selection_v2 old44/g03 | U53: 0.16 | V53: train | W53: family 단위 분할(train family)
A54: 153 | B54: 153 | C54: 대구 중심지 주변에서 기록된 최소 RPM 값을 알려줘. | F54: get_place_scope(name=중심지, region=대구, include_vicinity=true) get_passage_metrics(metric=rpm, scope=$resolve.scope, aggregation=min) | G54: DATA_AUGMENTATION_GUIDE 기준 의미·조건 조합 증강 | H54: PASSAGE_METRIC | I54: simple | J54: spatial_ref=대구/중심지(vicinity); space=vicinity; metric=rpm; aggregation=min | K54: vicinity | M54: aug300-153 | N54: F071 | O54: vicinity, agg_explicit | P54: 087 | Q54: 0.147 | S54: N | T54: valid98 heldout_v9/h33 | U54: 0.1 | V54: train | W54: family 단위 분할(train family)
A55: 154 | B55: 154 | C55: scope:gz:3982 기준 평균 RPM 값이 얼마야? | F55: get_passage_metrics(metric=rpm, scope=scope:gz:3982, aggregation=avg) | G55: DATA_AUGMENTATION_GUIDE 기준 의미·조건 조합 증강 | H55: PASSAGE_METRIC | I55: simple | J55: spatial_ref=scope:gz:3982; space=direct_scope; metric=rpm; aggregation=avg | K55: direct_scope | M55: aug300-154 | N55: F066 | O55: agg_explicit, direct_scope | P55: 094 | Q55: 0.093 | S55: N | T55: selection_v2 indepv2/n40 | U55: 0.355 | V55: holdout | W55: family 단위 분할(holdout family)
A56: 155 | B56: 155 | C56: 부산 광안동의 속도 중간값을 조회해줘. | F56: get_place_scope(name=광안동, region=부산) get_passage_metrics(metric=speed, scope=$resolve.scope, aggregation=med) | G56: DATA_AUGMENTATION_GUIDE 기준 의미·조건 조합 증강 | H56: PASSAGE_METRIC | I56: simple | J56: spatial_ref=부산/광안동; space=admin; metric=speed; aggregation=med | K56: admin | M56: aug300-155 | N56: F070 | O56: agg_explicit | P56: 034 | Q56: 0.182 | S56: Y | T56: selection_v2 old44/g09 | U56: 0.167 | V56: train | W56: family 단위 분할(train family)
A57: 156 | B57: 156 | C57: scope:h3:8830e1d83ffffff의 최대 속도는? | F57: get_passage_metrics(metric=speed, scope=scope:h3:8830e1d83ffffff, aggregation=max) | G57: DATA_AUGMENTATION_GUIDE 기준 의미·조건 조합 증강 | H57: PASSAGE_METRIC | I57: simple | J57: spatial_ref=scope:h3:8830e1d83ffffff; space=direct_scope; metric=speed; aggregation=max | K57: direct_scope | M57: aug300-156 | N57: F066 | O57: agg_explicit, direct_scope | P57: 051 | Q57: 0.404 | S57: N | T57: selection_v2 indepv3/m28 | U57: 0.37 | V57: holdout | W57: family 단위 분할(holdout family)
A58: 157 | B58: 157 | C58: 주말 오전 7시부터 9시 사이 대구 달서구에서 기록된 평균 속도를 알려줘. | F58: get_place_scope(name=달서구, region=대구) get_passage_metrics(metric=speed, scope=$resolve.scope, date=weekend, time=070000-090000, aggregation=avg) | G58: DATA_AUGMENTATION_GUIDE 기준 의미·조건 조합 증강 | H58: PASSAGE_METRIC | I58: medium | J58: spatial_ref=대구/달서구; space=admin; date=weekend; time=070000-090000; metric=speed; aggregation=avg | K58: admin | M58: aug300-157 | N58: F068 | O58: agg_explicit | P58: 050 | Q58: 0.342 | R58: 050 | S58: Y | T58: valid98 heldout_v9/h32 | U58: 0.167 | V58: 보류_vendor100 | W58: 정답 tool call이 vendor100 050와 같음. 결정 D1에 따라 train 복귀 가능(holdout에는 넣지 않음)
A59: 158 | B59: 158 | C59: 주말 오전 8시 30분부터 10시까지 scope:h3:8830e1d81ffffff에서 기록된 최대 RPM 값을 알려줘. | F59: get_passage_metrics(metric=rpm, scope=scope:h3:8830e1d81ffffff, date=weekend, time=083000-100000, aggregation=max) | G59: DATA_AUGMENTATION_GUIDE 기준 의미·조건 조합 증강 | H59: PASSAGE_METRIC | I59: medium | J59: spatial_ref=scope:h3:8830e1d81ffffff; space=direct_scope; date=weekend; time=083000-100000; metric=rpm; aggregation=max | K59: direct_scope | M59: aug300-158 | N59: F065 | O59: agg_explicit, direct_scope | P59: 051 | Q59: 0.492 | S59: Y | T59: selection_v2 indepv3/m28 | U59: 0.222 | V59: train | W59: family 단위 분할(train family)
A60: 159 | B60: 159 | C60: 지난달 부산 광안리 주변 기준 최대 속도 값이 얼마야? | F60: get_place_scope(name=광안리, region=부산, include_vicinity=true) get_passage_metrics(metric=speed, scope=$resolve.scope, date=last_month, aggregation=max) | G60: DATA_AUGMENTATION_GUIDE 기준 의미·조건 조합 증강 | H60: PASSAGE_METRIC | I60: medium | J60: spatial_ref=부산/광안리(vicinity); space=vicinity; date=last_month; metric=speed; aggregation=max | K60: vicinity | M60: aug300-159 | N60: F071 | O60: vicinity, agg_explicit | P60: 096 | Q60: 0.296 | R60: 096 | S60: Y | T60: valid98 heldout_v8/r01 | U60: 0.121 | V60: 보류_vendor100 | W60: 정답 tool call이 vendor100 096와 같음. 결정 D1에 따라 train 복귀 가능(holdout에는 넣지 않음)
A61: 160 | B61: 160 | C61: 지난주 오후 6시부터 8시까지 동대구역 주변의 속도 중간값을 조회해줘. | F61: get_place_scope(name=동대구역, include_vicinity=true) get_passage_metrics(metric=speed, scope=$resolve.scope, date=last_week, time=180000-200000, aggregation=med) | G61: DATA_AUGMENTATION_GUIDE 기준 의미·조건 조합 증강 | H61: PASSAGE_METRIC | I61: medium | J61: spatial_ref=동대구역(vicinity); space=vicinity; date=last_week; time=180000-200000; metric=speed; aggregation=med | K61: vicinity | M61: aug300-160 | N61: F067 | O61: vicinity, agg_explicit | P61: 029 | Q61: 0.207 | S61: N | T61: selection_v2 old44/g09 | U61: 0.167 | V61: holdout | W61: family 단위 분할(holdout family)
A62: 161 | B62: 161 | C62: 지난달 대구 수성구의 최대 RPM 값은? | F62: get_place_scope(name=수성구, region=대구) get_passage_metrics(metric=rpm, scope=$resolve.scope, date=last_month, aggregation=max) | G62: DATA_AUGMENTATION_GUIDE 기준 의미·조건 조합 증강 | H62: PASSAGE_METRIC | I62: medium | J62: spatial_ref=대구/수성구; space=admin; date=last_month; metric=rpm; aggregation=max | K62: admin | M62: aug300-161 | N62: F069 | O62: agg_explicit | P62: 087 | Q62: 0.375 | R62: 087 | S62: Y | T62: selection_v2 old44/g08 | U62: 0.167 | V62: 보류_vendor100 | W62: 정답 tool call이 vendor100 087와 같음. 결정 D1에 따라 train 복귀 가능(holdout에는 넣지 않음)
A63: 162 | B63: 162 | C63: 이번 달 대구 중구에서 기록된 최소 속도 값을 알려줘. | F63: get_place_scope(name=중구, region=대구) get_passage_metrics(metric=speed, scope=$resolve.scope, date=this_month, aggregation=min) | G63: DATA_AUGMENTATION_GUIDE 기준 의미·조건 조합 증강 | H63: PASSAGE_METRIC | I63: medium | J63: spatial_ref=대구/중구; space=admin; date=this_month; metric=speed; aggregation=min | K63: admin | M63: aug300-162 | N63: F069 | O63: agg_explicit | P63: 087 | Q63: 0.188 | S63: Y | T63: valid98 heldout_v9/h26 | U63: 0.189 | V63: holdout | W63: family 단위 분할(holdout family)
A64: 163 | B64: 163 | C64: 휴일 오후 6시부터 8시까지 부산 초읍동 어린이대공원 주변 기준 RPM 중간값이 얼마야? | F64: get_place_scope(name=어린이대공원, region=부산 초읍동, include_vicinity=true) get_passage_metrics(metric=rpm, scope=$resolve.scope, date=holiday, time=180000-200000, aggregation=med) | G64: DATA_AUGMENTATION_GUIDE 기준 의미·조건 조합 증강 | H64: PASSAGE_METRIC | I64: medium | J64: spatial_ref=부산 초읍동/어린이대공원(vicinity); space=vicinity; date=holiday; time=180000-200000; metric=rpm; aggregation=med | K64: vicinity | M64: aug300-163 | N64: F071 | O64: vicinity, agg_explicit | P64: 064 | Q64: 0.581 | S64: Y | T64: selection_v2 old44/g18 | U64: 0.155 | V64: 보류_vendor100 | W64: vendor100 064와 Jaccard 0.581. 결정 D1에 따라 train 복귀 가능(holdout에는 넣지 않음)
A65: 164 | B65: 164 | C65: 이번 주 오후 6시부터 8시까지 scope:edge:1742의 평균 속도 값을 조회해줘. | F65: get_passage_metrics(metric=speed, scope=scope:edge:1742, date=this_week, time=180000-200000, aggregation=avg) | G65: DATA_AUGMENTATION_GUIDE 기준 의미·조건 조합 증강 | H65: PASSAGE_METRIC | I65: medium | J65: spatial_ref=scope:edge:1742; space=direct_scope; date=this_week; time=180000-200000; metric=speed; aggregation=avg | K65: direct_scope | M65: aug300-164 | N65: F065 | O65: agg_explicit, direct_scope | P65: 094 | Q65: 0.419 | S65: Y | T65: selection_v2 old44/g36 | U65: 0.277 | V65: train | W65: family 단위 분할(train family)
A66: 165 | B66: 165 | C66: 2026년 6월 2일 오전 7시부터 9시까지 부산 부산진구의 속도 중간값은? | F66: get_place_scope(name=부산진구, region=부산) get_passage_metrics(metric=speed, scope=$resolve.scope, date=20260602, time=070000-090000, aggregation=med) | G66: DATA_AUGMENTATION_GUIDE 기준 의미·조건 조합 증강 | H66: PASSAGE_METRIC | I66: medium | J66: spatial_ref=부산/부산진구; space=admin; date=20260602; time=070000-090000; metric=speed; aggregation=med | K66: admin | M66: aug300-165 | N66: F068 | O66: agg_explicit | P66: 081 | Q66: 0.356 | S66: Y | T66: selection_v2 old44/g18 | U66: 0.265 | V66: train | W66: family 단위 분할(train family)
A67: 166 | B67: 166 | C67: 주중 자정부터 오전 4시까지 scope:h3:8830e1d85ffffff에서 기록된 최소 RPM 값을 알려줘. | F67: get_passage_metrics(metric=rpm, scope=scope:h3:8830e1d85ffffff, date=weekday, time=000000-040000, aggregation=min) | G67: DATA_AUGMENTATION_GUIDE 기준 의미·조건 조합 증강 | H67: PASSAGE_METRIC | I67: medium | J67: spatial_ref=scope:h3:8830e1d85ffffff; space=direct_scope; date=weekday; time=000000-040000; metric=rpm; aggregation=min | K67: direct_scope | M67: aug300-166 | N67: F065 | O67: agg_explicit, direct_scope | P67: 082 | Q67: 0.317 | S67: Y | T67: selection_v2 indepv3/m28 | U67: 0.235 | V67: train | W67: family 단위 분할(train family)
A68: 167 | B68: 167 | C68: 2026년 6월 3일 대구 동성로 기준 최대 속도 값이 얼마야? | F68: get_place_scope(name=동성로, region=대구) get_passage_metrics(metric=speed, scope=$resolve.scope, date=20260603, aggregation=max) | G68: DATA_AUGMENTATION_GUIDE 기준 의미·조건 조합 증강 | H68: PASSAGE_METRIC | I68: medium | J68: spatial_ref=대구/동성로; space=place; date=20260603; metric=speed; aggregation=max | K68: place | M68: aug300-167 | N68: F071 | O68: agg_explicit | P68: 027 | Q68: 0.294 | S68: Y | T68: selection_v2 old44/g02 | U68: 0.104 | V68: train | W68: family 단위 분할(train family)
A69: 168 | B69: 168 | C69: 이번 달 오전 8시 30분부터 10시까지 부산 광안동의 평균 RPM 값을 조회해줘. | F69: get_place_scope(name=광안동, region=부산) get_passage_metrics(metric=rpm, scope=$resolve.scope, date=this_month, time=083000-100000, aggregation=avg) | G69: DATA_AUGMENTATION_GUIDE 기준 의미·조건 조합 증강 | H69: PASSAGE_METRIC | I69: medium | J69: spatial_ref=부산/광안동; space=admin; date=this_month; time=083000-100000; metric=rpm; aggregation=avg | K69: admin | M69: aug300-168 | N69: F068 | O69: agg_explicit | P69: 072 | Q69: 0.28 | S69: Y | T69: selection_v2 old44/g39 | U69: 0.261 | V69: train | W69: family 단위 분할(train family)
A70: 169 | B70: 169 | C70: 지난주 대구 중심지의 최소 속도는? | F70: get_place_scope(name=중심지, region=대구) get_passage_metrics(metric=speed, scope=$resolve.scope, date=last_week, aggregation=min) | G70: DATA_AUGMENTATION_GUIDE 기준 의미·조건 조합 증강 | H70: PASSAGE_METRIC | I70: medium | J70: spatial_ref=대구/중심지; space=place; date=last_week; metric=speed; aggregation=min | K70: place | M70: aug300-169 | N70: F071 | O70: agg_explicit | P70: 058 | Q70: 0.273 | S70: Y | T70: selection_v2 old44/g06 | U70: 0.125 | V70: train | W70: family 단위 분할(train family)
A71: 170 | B71: 170 | C71: 2026년 6월 5일 오후 6시부터 8시까지 scope:gz:33212에서 기록된 속도 중간값을 알려줘. | F71: get_passage_metrics(metric=speed, scope=scope:gz:33212, date=20260605, time=180000-200000, aggregation=med) | G71: DATA_AUGMENTATION_GUIDE 기준 의미·조건 조합 증강 | H71: PASSAGE_METRIC | I71: medium | J71: spatial_ref=scope:gz:33212; space=direct_scope; date=20260605; time=180000-200000; metric=speed; aggregation=med | K71: direct_scope | M71: aug300-170 | N71: F065 | O71: agg_explicit, direct_scope | P71: 029 | Q71: 0.426 | S71: Y | T71: selection_v2 old44/g18 | U71: 0.185 | V71: train | W71: family 단위 분할(train family)
A72: 171 | B72: 171 | C72: 이번 주 대구 동구 기준 최대 RPM 값이 얼마야? | F72: get_place_scope(name=동구, region=대구) get_passage_metrics(metric=rpm, scope=$resolve.scope, date=this_week, aggregation=max) | G72: DATA_AUGMENTATION_GUIDE 기준 의미·조건 조합 증강 | H72: PASSAGE_METRIC | I72: medium | J72: spatial_ref=대구/동구; space=admin; date=this_week; metric=rpm; aggregation=max | K72: admin | M72: aug300-171 | N72: F069 | O72: agg_explicit | P72: 058 | Q72: 0.138 | S72: Y | T72: selection_v2 contrast/c03d | U72: 0.125 | V72: holdout | W72: family 단위 분할(holdout family)
A73: 172 | B73: 172 | C73: 2026년 6월 1일부터 5일까지 부산 초량동의 평균 속도 값을 조회해줘. | F73: get_place_scope(name=초량동, region=부산) get_passage_metrics(metric=speed, scope=$resolve.scope, date=20260601-20260605, aggregation=avg) | G73: DATA_AUGMENTATION_GUIDE 기준 의미·조건 조합 증강 | H73: PASSAGE_METRIC | I73: medium | J73: spatial_ref=부산/초량동; space=admin; date=20260601-20260605; metric=speed; aggregation=avg | K73: admin | M73: aug300-172 | N73: F069 | O73: agg_explicit | P73: 081 | Q73: 0.132 | S73: Y | T73: aux_test_v1 final_v12/f11 | U73: 0.145 | V73: holdout | W73: family 단위 분할(holdout family)
A74: 173 | B74: 173 | C74: 휴일 오전 7시부터 9시까지 scope:edge:11234의 최소 속도는? | F74: get_passage_metrics(metric=speed, scope=scope:edge:11234, date=holiday, time=070000-090000, aggregation=min) | G74: DATA_AUGMENTATION_GUIDE 기준 의미·조건 조합 증강 | H74: PASSAGE_METRIC | I74: medium | J74: spatial_ref=scope:edge:11234; space=direct_scope; date=holiday; time=070000-090000; metric=speed; aggregation=min | K74: direct_scope | M74: aug300-173 | N74: F065 | O74: agg_explicit, direct_scope | P74: 029 | Q74: 0.345 | S74: Y | T74: selection_v2 indepv4/k20 | U74: 0.304 | V74: train | W74: family 단위 분할(train family)
... A88: 187 | B88: 187 | C88: 대구 소속 택시의 평균 공차율은? | F88: get_place_scope(name=대구) get_drive_metrics(metric=vacant_ratio, scope=$resolve.scope, aggregation=avg) | G88: DATA_AUGMENTATION_GUIDE 기준 의미·조건 조합 증강 | H88: DRIVE_RATIO | I88: simple | J88: spatial_ref=대구; space=admin; aggregation=avg | K88: admin | M88: aug300-187 | N88: F011 | O88: agg_explicit | P88: 099 | Q88: 0.625 | S88: N | T88: selection_v2 old44/g21 | U88: 0.857 | V88: 제외 | W88: selection·valid·aux 보호셋과 문자 3-gram Jaccard ≥ 0.5(selection_v2 old44/g21, 0.857). 학습·holdout 모두 쓰지 않음
A89: 188 | B89: 188 | C89: 부산 소속 법인택시 평균 공차율을 알려줘. | F89: get_place_scope(name=부산) get_drive_metrics(metric=vacant_ratio, scope=$resolve.scope, taxi_type=corporate, aggregation=avg) | G89: DATA_AUGMENTATION_GUIDE 기준 의미·조건 조합 증강 | H89: DRIVE_RATIO | I89: simple | J89: spatial_ref=부산; space=admin; taxi_type=corporate; aggregation=avg | K89: admin | M89: aug300-188 | N89: F010 | O89: agg_explicit | P89: 028 | Q89: 0.429 | R89: 028 | S89: Y | T89: selection_v2 old44/g23 | U89: 0.24 | V89: 보류_vendor100 | W89: 정답 tool call이 vendor100 028와 같음. 결정 D1에 따라 train 복귀 가능(holdout에는 넣지 않음)
A90: 189 | B90: 189 | C90: 인천 소속 개인택시 기준 공차율 중간값이 얼마야? | F90: get_place_scope(name=인천) get_drive_metrics(metric=vacant_ratio, scope=$resolve.scope, taxi_type=private, aggregation=med) | G90: DATA_AUGMENTATION_GUIDE 기준 의미·조건 조합 증강 | H90: DRIVE_RATIO | I90: simple | J90: spatial_ref=인천; space=admin; taxi_type=private; aggregation=med | K90: admin | M90: aug300-189 | N90: F010 | O90: agg_explicit | P90: 004 | Q90: 0.385 | S90: Y | T90: selection_v2 old44/g22 | U90: 0.138 | V90: holdout | W90: family 단위 분할(holdout family)
A91: 190 | B91: 190 | C91: scope:district:2700000000 소속 택시의 최대 공차율을 조회해줘. | F91: get_drive_metrics(metric=vacant_ratio, scope=scope:district:2700000000, aggregation=max) | G91: DATA_AUGMENTATION_GUIDE 기준 의미·조건 조합 증강 | H91: DRIVE_RATIO | I91: simple | J91: spatial_ref=scope:district:2700000000; space=direct_scope; aggregation=max | K91: direct_scope | M91: aug300-190 | N91: F004 | O91: agg_explicit, direct_scope | P91: 042 | Q91: 0.383 | S91: N | T91: aux_test_v1 final_v12/f17 | U91: 0.348 | V91: train | W91: family 단위 분할(train family)
A92: 191 | B92: 191 | C92: scope:district:2600000000 소속 택시의 최소 공차율은? | F92: get_drive_metrics(metric=vacant_ratio, scope=scope:district:2600000000, aggregation=min) | G92: DATA_AUGMENTATION_GUIDE 기준 의미·조건 조합 증강 | H92: DRIVE_RATIO | I92: simple | J92: spatial_ref=scope:district:2600000000; space=direct_scope; aggregation=min | K92: direct_scope | M92: aug300-191 | N92: F004 | O92: agg_explicit, direct_scope | P92: 088 | Q92: 0.4 | S92: N | T92: aux_test_v1 final_v12/f17 | U92: 0.415 | V92: train | W92: family 단위 분할(train family)
A93: 192 | B93: 192 | C93: 개인택시 평균 공차율을 알려줘. | F93: get_drive_metrics(metric=vacant_ratio, taxi_type=private, aggregation=avg) | G93: DATA_AUGMENTATION_GUIDE 기준 의미·조건 조합 증강 | H93: DRIVE_RATIO | I93: simple | J93: space=none; taxi_type=private; aggregation=avg | K93: global | M93: aug300-192 | N93: F005 | O93: agg_explicit, global | P93: 045 | Q93: 0.208 | S93: N | T93: valid98 heldout_v9/h45 | U93: 0.154 | V93: holdout | W93: family 단위 분할(holdout family)
A94: 193 | B94: 193 | C94: 법인택시 기준 평균 공차율이 얼마야? | F94: get_drive_metrics(metric=vacant_ratio, taxi_type=corporate, aggregation=avg) | G94: DATA_AUGMENTATION_GUIDE 기준 의미·조건 조합 증강 | H94: DRIVE_RATIO | I94: simple | J94: space=none; taxi_type=corporate; aggregation=avg | K94: global | M94: aug300-193 | N94: F005 | O94: agg_explicit, global | P94: 028 | Q94: 0.217 | S94: N | T94: selection_v2 indepv4/k23 | U94: 0.128 | V94: holdout | W94: family 단위 분할(holdout family)
A95: 194 | B95: 194 | C95: 서울 소속 택시의 공차율 중간값을 조회해줘. | F95: get_place_scope(name=서울) get_drive_metrics(metric=vacant_ratio, scope=$resolve.scope, aggregation=med) | G95: DATA_AUGMENTATION_GUIDE 기준 의미·조건 조합 증강 | H95: DRIVE_RATIO | I95: simple | J95: spatial_ref=서울; space=admin; aggregation=med | K95: admin | M95: aug300-194 | N95: F011 | O95: agg_explicit | P95: 004 | Q95: 0.259 | S95: N | T95: valid98 heldout_v8/r09 | U95: 0.267 | V95: train | W95: family 단위 분할(train family)
A96: 195 | B96: 195 | C96: 대구 수성구 소속 개인택시의 평균 공차율은? | F96: get_place_scope(name=수성구, region=대구) get_drive_metrics(metric=vacant_ratio, scope=$resolve.scope, taxi_type=private, aggregation=avg) | G96: DATA_AUGMENTATION_GUIDE 기준 의미·조건 조합 증강 | H96: DRIVE_RATIO | I96: simple | J96: spatial_ref=대구/수성구; space=admin; taxi_type=private; aggregation=avg | K96: admin | M96: aug300-195 | N96: F016 | O96: agg_explicit | P96: 045 | Q96: 0.619 | S96: N | T96: selection_v2 old44/g21 | U96: 0.409 | V96: 보류_vendor100 | W96: vendor100 045와 Jaccard 0.619. 결정 D1에 따라 train 복귀 가능(holdout에는 넣지 않음)
A97: 196 | B97: 196 | C97: 대구 달서구 소속 법인택시 최대 공차율을 알려줘. | F97: get_place_scope(name=달서구, region=대구) get_drive_metrics(metric=vacant_ratio, scope=$resolve.scope, taxi_type=corporate, aggregation=max) | G97: DATA_AUGMENTATION_GUIDE 기준 의미·조건 조합 증강 | H97: DRIVE_RATIO | I97: simple | J97: spatial_ref=대구/달서구; space=admin; taxi_type=corporate; aggregation=max | K97: admin | M97: aug300-196 | N97: F016 | O97: agg_explicit | P97: 028 | Q97: 0.179 | S97: N | T97: selection_v2 indepv4/k13 | U97: 0.27 | V97: train | W97: family 단위 분할(train family)
A98: 197 | B98: 197 | C98: 대구 동구 소속 택시 기준 최소 공차율이 얼마야? | F98: get_place_scope(name=동구, region=대구) get_drive_metrics(metric=vacant_ratio, scope=$resolve.scope, aggregation=min) | G98: DATA_AUGMENTATION_GUIDE 기준 의미·조건 조합 증강 | H98: DRIVE_RATIO | I98: simple | J98: spatial_ref=대구/동구; space=admin; aggregation=min | K98: admin | M98: aug300-197 | N98: F017 | O98: agg_explicit | P98: 086 | Q98: 0.107 | S98: N | T98: valid98 heldout_v9/h41 | U98: 0.286 | V98: holdout | W98: family 단위 분할(holdout family)
A99: 198 | B99: 198 | C99: 부산 부산진구 소속 택시의 평균 공차율을 조회해줘. | F99: get_place_scope(name=부산진구, region=부산) get_drive_metrics(metric=vacant_ratio, scope=$resolve.scope, aggregation=avg) | G99: DATA_AUGMENTATION_GUIDE 기준 의미·조건 조합 증강 | H99: DRIVE_RATIO | I99: simple | J99: spatial_ref=부산/부산진구; space=admin; aggregation=avg | K99: admin | M99: aug300-198 | N99: F017 | O99: agg_explicit | P99: 099 | Q99: 0.308 | S99: N | T99: selection_v2 old44/g21 | U99: 0.36 | V99: holdout | W99: family 단위 분할(holdout family)
A100: 199 | B100: 199 | C100: 부산 수영구 소속 법인택시의 공차율 중간값은? | F100: get_place_scope(name=수영구, region=부산) get_drive_metrics(metric=vacant_ratio, scope=$resolve.scope, taxi_type=corporate, aggregation=med) | G100: DATA_AUGMENTATION_GUIDE 기준 의미·조건 조합 증강 | H100: DRIVE_RATIO | I100: simple | J100: spatial_ref=부산/수영구; space=admin; taxi_type=corporate; aggregation=med | K100: admin | M100: aug300-199 | N100: F016 | O100: agg_explicit | P100: 004 | Q100: 0.4 | S100: N | T100: selection_v2 old44/g20 | U100: 0.333 | V100: train | W100: family 단위 분할(train family)
A101: 200 | B101: 200 | C101: 지난주 대구 소속 개인택시의 평균 공차율은? | F101: get_place_scope(name=대구) get_drive_metrics(metric=vacant_ratio, scope=$resolve.scope, date=last_week, taxi_type=private, aggregation=avg) | G101: DATA_AUGMENTATION_GUIDE 기준 의미·조건 조합 증강 | H101: DRIVE_RATIO | I101: medium | J101: spatial_ref=대구; space=admin; date=last_week; taxi_type=private; aggregation=avg | K101: admin | M101: aug300-200 | N101: F007 | O101: agg_explicit | P101: 045 | Q101: 1 | R101: 045 | S101: Y | T101: selection_v2 old44/g21 | U101: 0.476 | V101: 보류_vendor100 | W101: 정답 tool call이 vendor100 045와 같음; vendor100 045와 Jaccard 1.000. 결정 D1에 따라 train 복귀 가능(holdout에는 넣지 않음)
A102: 201 | B102: 201 | C102: 이번 달 부산 소속 법인택시 최대 공차율을 알려줘. | F102: get_place_scope(name=부산) get_drive_metrics(metric=vacant_ratio, scope=$resolve.scope, date=this_month, taxi_type=corporate, aggregation=max) | G102: DATA_AUGMENTATION_GUIDE 기준 의미·조건 조합 증강 | H102: DRIVE_RATIO | I102: medium | J102: spatial_ref=부산; space=admin; date=this_month; taxi_type=corporate; aggregation=max | K102: admin | M102: aug300-201 | N102: F007 | O102: agg_explicit | P102: 028 | Q102: 0.269 | S102: Y | T102: selection_v2 old44/g23 | U102: 0.259 | V102: holdout | W102: family 단위 분할(holdout family)
A103: 202 | B103: 202 | C103: 이번 주 서울 소속 택시 기준 최소 공차율이 얼마야? | F103: get_place_scope(name=서울) get_drive_metrics(metric=vacant_ratio, scope=$resolve.scope, date=this_week, aggregation=min) | G103: DATA_AUGMENTATION_GUIDE 기준 의미·조건 조합 증강 | H103: DRIVE_RATIO | I103: medium | J103: spatial_ref=서울; space=admin; date=this_week; aggregation=min | K103: admin | M103: aug300-202 | N103: F009 | O103: agg_explicit | P103: 090 | Q103: 0.172 | S103: Y | T103: selection_v2 old44/g20 | U103: 0.121 | V103: holdout | W103: family 단위 분할(holdout family)
A104: 203 | B104: 203 | C104: 주말 인천 소속 개인택시의 공차율 중간값을 조회해줘. | F104: get_place_scope(name=인천) get_drive_metrics(metric=vacant_ratio, scope=$resolve.scope, date=weekend, taxi_type=private, aggregation=med) | G104: DATA_AUGMENTATION_GUIDE 기준 의미·조건 조합 증강 | H104: DRIVE_RATIO | I104: medium | J104: spatial_ref=인천; space=admin; date=weekend; taxi_type=private; aggregation=med | K104: admin | M104: aug300-203 | N104: F007 | O104: agg_explicit | P104: 004 | Q104: 0.52 | S104: Y | T104: valid98 heldout_v8/r09 | U104: 0.167 | V104: 보류_vendor100 | W104: vendor100 004와 Jaccard 0.520. 결정 D1에 따라 train 복귀 가능(holdout에는 넣지 않음)
A105: 204 | B105: 204 | C105: 지난달 대구 수성구 소속 법인택시의 평균 공차율은? | F105: get_place_scope(name=수성구, region=대구) get_drive_metrics(metric=vacant_ratio, scope=$resolve.scope, date=last_month, taxi_type=corporate, aggregation=avg) | G105: DATA_AUGMENTATION_GUIDE 기준 의미·조건 조합 증강 | H105: DRIVE_RATIO | I105: medium | J105: spatial_ref=대구/수성구; space=admin; date=last_month; taxi_type=corporate; aggregation=avg | K105: admin | M105: aug300-204 | N105: F013 | O105: agg_explicit | P105: 028 | Q105: 0.545 | S105: N | T105: selection_v2 old44/g21 | U105: 0.36 | V105: 보류_vendor100 | W105: vendor100 028와 Jaccard 0.545. 결정 D1에 따라 train 복귀 가능(holdout에는 넣지 않음)
A106: 205 | B106: 205 | C106: 주중 대구 달서구 소속 개인택시 최대 공차율을 알려줘. | F106: get_place_scope(name=달서구, region=대구) get_drive_metrics(metric=vacant_ratio, scope=$resolve.scope, date=weekday, taxi_type=private, aggregation=max) | G106: DATA_AUGMENTATION_GUIDE 기준 의미·조건 조합 증강 | H106: DRIVE_RATIO | I106: medium | J106: spatial_ref=대구/달서구; space=admin; date=weekday; taxi_type=private; aggregation=max | K106: admin | M106: aug300-205 | N106: F013 | O106: agg_explicit | P106: 045 | Q106: 0.188 | S106: N | T106: selection_v2 old44/g41 | U106: 0.17 | V106: train | W106: family 단위 분할(train family)
A107: 206 | B107: 206 | C107: 휴일 오후 6시부터 8시까지 scope:district:2700000000 소속 택시 기준 최소 공차율이 얼마야? | F107: get_drive_metrics(metric=vacant_ratio, scope=scope:district:2700000000, date=holiday, time=180000-200000, aggregation=min) | G107: DATA_AUGMENTATION_GUIDE 기준 의미·조건 조합 증강 | H107: DRIVE_RATIO | I107: medium | J107: spatial_ref=scope:district:2700000000; space=direct_scope; date=holiday; time=180000-200000; aggregation=min | K107: direct_scope | M107: aug300-206 | N107: F002 | O107: agg_explicit, direct_scope | P107: 042 | Q107: 0.305 | S107: N | T107: aux_test_v1 final_v12/f17 | U107: 0.276 | V107: train | W107: family 단위 분할(train family)
A108: 207 | B108: 207 | C108: 주말 오후 6시부터 8시까지 scope:district:2600000000 소속 법인택시의 평균 공차율을 조회해줘. | F108: get_drive_metrics(metric=vacant_ratio, scope=scope:district:2600000000, date=weekend, time=180000-200000, taxi_type=corporate, aggregation=avg) | G108: DATA_AUGMENTATION_GUIDE 기준 의미·조건 조합 증강 | H108: DRIVE_RATIO | I108: medium | J108: spatial_ref=scope:district:2600000000; space=direct_scope; date=weekend; time=180000-200000; taxi_type=corporate; aggregation=avg | K108: direct_scope | M108: aug300-207 | N108: F001 | O108: agg_explicit, direct_scope | P108: 036 | Q108: 0.37 | S108: N | T108: aux_test_v1 final_v12/f17 | U108: 0.288 | V108: train | W108: family 단위 분할(train family)
A109: 208 | B109: 208 | C109: 2026년 6월 2일 오전 7시부터 9시까지 대구 중구 소속 택시의 공차율 중간값은? | F109: get_place_scope(name=중구, region=대구) get_drive_metrics(metric=vacant_ratio, scope=$resolve.scope, date=20260602, time=070000-090000, aggregation=med) | G109: DATA_AUGMENTATION_GUIDE 기준 의미·조건 조합 증강 | H109: DRIVE_RATIO | I109: medium | J109: spatial_ref=대구/중구; space=admin; date=20260602; time=070000-090000; aggregation=med | K109: admin | M109: aug300-208 | N109: F014 | O109: agg_explicit | P109: 081 | Q109: 0.362 | S109: N | T109: selection_v2 old44/g18 | U109: 0.275 | V109: holdout | W109: family 단위 분할(holdout family)
A110: 209 | B110: 209 | C110: 2026년 6월 3일 대구 동구 소속 개인택시 평균 공차율을 알려줘. | F110: get_place_scope(name=동구, region=대구) get_drive_metrics(metric=vacant_ratio, scope=$resolve.scope, date=20260603, taxi_type=private, aggregation=avg) | G110: DATA_AUGMENTATION_GUIDE 기준 의미·조건 조합 증강 | H110: DRIVE_RATIO | I110: medium | J110: spatial_ref=대구/동구; space=admin; date=20260603; taxi_type=private; aggregation=avg | K110: admin | M110: aug300-209 | N110: F013 | O110: agg_explicit | P110: 027 | Q110: 0.306 | S110: N | T110: selection_v2 old44/g41 | U110: 0.151 | V110: train | W110: family 단위 분할(train family)
A111: 210 | B111: 210 | C111: 2026년 6월 5일 오후 6시부터 8시까지 부산 부산진구 소속 법인택시 기준 최대 공차율이 얼마야? | F111: get_place_scope(name=부산진구, region=부산) get_drive_metrics(metric=vacant_ratio, scope=$resolve.scope, date=20260605, time=180000-200000, taxi_type=corporate, aggregation=max) | G111: DATA_AUGMENTATION_GUIDE 기준 의미·조건 조합 증강 | H111: DRIVE_RATIO | I111: medium | J111: spatial_ref=부산/부산진구; space=admin; date=20260605; time=180000-200000; taxi_type=corporate; aggregation=max | K111: admin | M111: aug300-210 | N111: F012 | O111: agg_explicit | P111: 036 | Q111: 0.288 | S111: N | T111: selection_v2 old44/g18 | U111: 0.22 | V111: train | W111: family 단위 분할(train family)
A112: 211 | B112: 211 | C112: 2026년 6월 1일부터 5일까지 부산 수영구 소속 택시의 최소 공차율을 조회해줘. | F112: get_place_scope(name=수영구, region=부산) get_drive_metrics(metric=vacant_ratio, scope=$resolve.scope, date=20260601-20260605, aggregation=min) | G112: DATA_AUGMENTATION_GUIDE 기준 의미·조건 조합 증강 | H112: DRIVE_RATIO | I112: medium | J112: spatial_ref=부산/수영구; space=admin; date=20260601-20260605; aggregation=min | K112: admin | M112: aug300-211 | N112: F015 | O112: agg_explicit | P112: 039 | Q112: 0.218 | S112: N | T112: selection_v2 old44/g18 | U112: 0.14 | V112: train | W112: family 단위 분할(train family)
A113: 212 | B113: 212 | C113: 지난주 개인택시의 평균 공차율은? | F113: get_drive_metrics(metric=vacant_ratio, date=last_week, taxi_type=private, aggregation=avg) | G113: DATA_AUGMENTATION_GUIDE 기준 의미·조건 조합 증강 | H113: DRIVE_RATIO | I113: medium | J113: space=none; date=last_week; taxi_type=private; aggregation=avg | K113: global | M113: aug300-212 | N113: F003 | O113: agg_explicit, global | P113: 045 | Q113: 0.579 | S113: N | T113: selection_v2 old44/g21 | U113: 0.421 | V113: 보류_vendor100 | W113: vendor100 045와 Jaccard 0.579. 결정 D1에 따라 train 복귀 가능(holdout에는 넣지 않음)
... A173: 272 | B173: 272 | C173: 주말 오전 7시부터 9시까지 scope:district:2726000000 소속 택시의 평균 요금은? | F173: get_trip_metrics(metric=fare, scope=scope:district:2726000000, date=weekend, time=070000-090000, aggregation=avg) | G173: DATA_AUGMENTATION_GUIDE 기준 의미·조건 조합 증강 | H173: TRIP_FARE | I173: complex | J173: spatial_ref=scope:district:2726000000; space=direct_scope; date=weekend; time=070000-090000; aggregation=avg | K173: direct_scope | M173: aug300-272 | N173: F114 | O173: agg_explicit, direct_scope | P173: 009 | Q173: 0.348 | S173: N | T173: aux_test_v1 final_v12/f17 | U173: 0.392 | V173: holdout | W173: family 단위 분할(holdout family)
A174: 273 | B174: 273 | C174: 대구 수성구를 출발지로 한 실차 이동 건수는? | F174: get_place_scope(name=수성구, region=대구) get_trip_count(scope_pickup=$pickup.scope) | G174: DATA_AUGMENTATION_GUIDE 기준 의미·조건 조합 증강 | H174: TRIP_COUNT | I174: simple | J174: spatial_ref=대구/수성구; space=admin | K174: admin | M174: aug300-273 | N174: F097 | O174: silcha_trip, agg_absent | P174: 071 | Q174: 0.222 | R174: 071 | S174: Y | T174: aux_test_v1 final_v12/f25 | U174: 0.077 | V174: 보류_vendor100 | W174: 정답 tool call이 vendor100 071와 같음. 결정 D1에 따라 train 복귀 가능(holdout에는 넣지 않음)
...

Sheet 분포_요약
A1: 데이터셋 요약 | B1: 문항 수
A2: 기존 문항 | B2: 100
A3: 추가 증강 문항 | B3: =COUNTA(증강_300!$B:$B)-1 -> 300
A4: 전체 문항 | B4: =B2+B3 -> 400
A6: Semantic Type | B6: 단순 | C6: 중간 | D6: 복합 | E6: 합계
A7: PASSAGE_COUNT | B7: =COUNTIFS(증강_300!$H:$H,$A7,증강_300!$I:$I,"simple") -> 13 | C7: =COUNTIFS(증강_300!$H:$H,$A7,증강_300!$I:$I,"medium") -> 17 | D7: =COUNTIFS(증강_300!$H:$H,$A7,증강_300!$I:$I,"complex") -> 13 | E7: =SUM(B7:D7) -> 43
A8: TRIP_COUNT | B8: =COUNTIFS(증강_300!$H:$H,$A8,증강_300!$I:$I,"simple") -> 13 | C8: =COUNTIFS(증강_300!$H:$H,$A8,증강_300!$I:$I,"medium") -> 17 | D8: =COUNTIFS(증강_300!$H:$H,$A8,증강_300!$I:$I,"complex") -> 13 | E8: =SUM(B8:D8) -> 43
A9: PASSAGE_METRIC | B9: =COUNTIFS(증강_300!$H:$H,$A9,증강_300!$I:$I,"simple") -> 13 | C9: =COUNTIFS(증강_300!$H:$H,$A9,증강_300!$I:$I,"medium") -> 17 | D9: =COUNTIFS(증강_300!$H:$H,$A9,증강_300!$I:$I,"complex") -> 13 | E9: =SUM(B9:D9) -> 43
A10: DRIVE_RATIO | B10: =COUNTIFS(증강_300!$H:$H,$A10,증강_300!$I:$I,"simple") -> 13 | C10: =COUNTIFS(증강_300!$H:$H,$A10,증강_300!$I:$I,"medium") -> 17 | D10: =COUNTIFS(증강_300!$H:$H,$A10,증강_300!$I:$I,"complex") -> 13 | E10: =SUM(B10:D10) -> 43
A11: TRIP_FARE | B11: =COUNTIFS(증강_300!$H:$H,$A11,증강_300!$I:$I,"simple") -> 13 | C11: =COUNTIFS(증강_300!$H:$H,$A11,증강_300!$I:$I,"medium") -> 17 | D11: =COUNTIFS(증강_300!$H:$H,$A11,증강_300!$I:$I,"complex") -> 13 | E11: =SUM(B11:D11) -> 43
A12: OPERATION | B12: =COUNTIFS(증강_300!$H:$H,$A12,증강_300!$I:$I,"simple") -> 13 | C12: =COUNTIFS(증강_300!$H:$H,$A12,증강_300!$I:$I,"medium") -> 17 | D12: =COUNTIFS(증강_300!$H:$H,$A12,증강_300!$I:$I,"complex") -> 13 | E12: =SUM(B12:D12) -> 43
A13: SCOPE_NAME | B13: =COUNTIFS(증강_300!$H:$H,$A13,증강_300!$I:$I,"simple") -> 42 | C13: =COUNTIFS(증강_300!$H:$H,$A13,증강_300!$I:$I,"medium") -> 0 | D13: =COUNTIFS(증강_300!$H:$H,$A13,증강_300!$I:$I,"complex") -> 0 | E13: =SUM(B13:D13) -> 42
A14: 합계 | B14: =SUM(B7:B13) -> 120 | C14: =SUM(C7:C13) -> 102 | D14: =SUM(D7:D13) -> 78 | E14: =SUM(E7:E13) -> 300
A15: ※ 표의 값은 증강_300 시트를 세는 수식(v2). SCOPE_NAME 난이도를 simple로 바로잡아 단순/중간/복합이 90/120/90에서 바뀜.
A16: 실행 방식 | B16: 문항 수
A17: admin | B17: =COUNTIF(증강_300!$K:$K,$A17) -> 154
A18: direct_scope | B18: =COUNTIF(증강_300!$K:$K,$A18) -> 95
A19: global | B19: =COUNTIF(증강_300!$K:$K,$A19) -> 25
A20: vicinity | B20: =COUNTIF(증강_300!$K:$K,$A20) -> 18
A21: place | B21: =COUNTIF(증강_300!$K:$K,$A21) -> 8
A24: 사용 상태(제안, v2) | B24: 문항 수
A25: train | B25: =COUNTIF(증강_300!$V:$V,$A25) -> 162
A26: holdout | B26: =COUNTIF(증강_300!$V:$V,$A26) -> 53
A27: 보류_vendor100 | B27: =COUNTIF(증강_300!$V:$V,$A27) -> 58
A28: 제외 | B28: =COUNTIF(증강_300!$V:$V,$A28) -> 5
A29: 축소 | B29: =COUNTIF(증강_300!$V:$V,$A29) -> 22
A30: 합계 | B30: =SUM(B25:B29) -> 300
A32: Semantic Type × 상태 | B32: train | C32: holdout | D32: 보류_vendor100 | E32: 제외 | F32: 축소 | G32: 합계
A33: PASSAGE_COUNT | B33: =COUNTIFS(증강_300!$H:$H,$A33,증강_300!$V:$V,B$32) -> 27 | C33: =COUNTIFS(증강_300!$H:$H,$A33,증강_300!$V:$V,C$32) -> 8 | D33: =COUNTIFS(증강_300!$H:$H,$A33,증강_300!$V:$V,D$32) -> 8 | E33: =COUNTIFS(증강_300!$H:$H,$A33,증강_300!$V:$V,E$32) -> 0 | F33: =COUNTIFS(증강_300!$H:$H,$A33,증강_300!$V:$V,F$32) -> 0 | G33: =SUM(B33:F33) -> 43
A34: TRIP_COUNT | B34: =COUNTIFS(증강_300!$H:$H,$A34,증강_300!$V:$V,B$32) -> 21 | C34: =COUNTIFS(증강_300!$H:$H,$A34,증강_300!$V:$V,C$32) -> 7 | D34: =COUNTIFS(증강_300!$H:$H,$A34,증강_300!$V:$V,D$32) -> 14 | E34: =COUNTIFS(증강_300!$H:$H,$A34,증강_300!$V:$V,E$32) -> 1 | F34: =COUNTIFS(증강_300!$H:$H,$A34,증강_300!$V:$V,F$32) -> 0 | G34: =SUM(B34:F34) -> 43
A35: PASSAGE_METRIC | B35: =COUNTIFS(증강_300!$H:$H,$A35,증강_300!$V:$V,B$32) -> 25 | C35: =COUNTIFS(증강_300!$H:$H,$A35,증강_300!$V:$V,C$32) -> 9 | D35: =COUNTIFS(증강_300!$H:$H,$A35,증강_300!$V:$V,D$32) -> 9 | E35: =COUNTIFS(증강_300!$H:$H,$A35,증강_300!$V:$V,E$32) -> 0 | F35: =COUNTIFS(증강_300!$H:$H,$A35,증강_300!$V:$V,F$32) -> 0 | G35: =SUM(B35:F35) -> 43
A36: DRIVE_RATIO | B36: =COUNTIFS(증강_300!$H:$H,$A36,증강_300!$V:$V,B$32) -> 27 | C36: =COUNTIFS(증강_300!$H:$H,$A36,증강_300!$V:$V,C$32) -> 8 | D36: =COUNTIFS(증강_300!$H:$H,$A36,증강_300!$V:$V,D$32) -> 7 | E36: =COUNTIFS(증강_300!$H:$H,$A36,증강_300!$V:$V,E$32) -> 1 | F36: =COUNTIFS(증강_300!$H:$H,$A36,증강_300!$V:$V,F$32) -> 0 | G36: =SUM(B36:F36) -> 43
A37: TRIP_FARE | B37: =COUNTIFS(증강_300!$H:$H,$A37,증강_300!$V:$V,B$32) -> 27 | C37: =COUNTIFS(증강_300!$H:$H,$A37,증강_300!$V:$V,C$32) -> 8 | D37: =COUNTIFS(증강_300!$H:$H,$A37,증강_300!$V:$V,D$32) -> 7 | E37: =COUNTIFS(증강_300!$H:$H,$A37,증강_300!$V:$V,E$32) -> 1 | F37: =COUNTIFS(증강_300!$H:$H,$A37,증강_300!$V:$V,F$32) -> 0 | G37: =SUM(B37:F37) -> 43
A38: OPERATION | B38: =COUNTIFS(증강_300!$H:$H,$A38,증강_300!$V:$V,B$32) -> 26 | C38: =COUNTIFS(증강_300!$H:$H,$A38,증강_300!$V:$V,C$32) -> 9 | D38: =COUNTIFS(증강_300!$H:$H,$A38,증강_300!$V:$V,D$32) -> 7 | E38: =COUNTIFS(증강_300!$H:$H,$A38,증강_300!$V:$V,E$32) -> 1 | F38: =COUNTIFS(증강_300!$H:$H,$A38,증강_300!$V:$V,F$32) -> 0 | G38: =SUM(B38:F38) -> 43
A39: SCOPE_NAME | B39: =COUNTIFS(증강_300!$H:$H,$A39,증강_300!$V:$V,B$32) -> 9 | C39: =COUNTIFS(증강_300!$H:$H,$A39,증강_300!$V:$V,C$32) -> 4 | D39: =COUNTIFS(증강_300!$H:$H,$A39,증강_300!$V:$V,D$32) -> 6 | E39: =COUNTIFS(증강_300!$H:$H,$A39,증강_300!$V:$V,E$32) -> 1 | F39: =COUNTIFS(증강_300!$H:$H,$A39,증강_300!$V:$V,F$32) -> 22 | G39: =SUM(B39:F39) -> 42
A40: 합계 | B40: =SUM(B33:B39) -> 162 | C40: =SUM(C33:C39) -> 53 | D40: =SUM(D33:D39) -> 58 | E40: =SUM(E33:E39) -> 5 | F40: =SUM(F33:F39) -> 22 | G40: =SUM(G33:G39) -> 300
A42: 난이도 × 상태 | B42: train | C42: holdout | D42: 보류_vendor100 | E42: 제외 | F42: 축소
A43: simple | B43: =COUNTIFS(증강_300!$I:$I,$A43,증강_300!$V:$V,B$42) -> 52 | C43: =COUNTIFS(증강_300!$I:$I,$A43,증강_300!$V:$V,C$42) -> 18 | D43: =COUNTIFS(증강_300!$I:$I,$A43,증강_300!$V:$V,D$42) -> 24 | E43: =COUNTIFS(증강_300!$I:$I,$A43,증강_300!$V:$V,E$42) -> 4 | F43: =COUNTIFS(증강_300!$I:$I,$A43,증강_300!$V:$V,F$42) -> 22
A44: medium | B44: =COUNTIFS(증강_300!$I:$I,$A44,증강_300!$V:$V,B$42) -> 58 | C44: =COUNTIFS(증강_300!$I:$I,$A44,증강_300!$V:$V,C$42) -> 19 | D44: =COUNTIFS(증강_300!$I:$I,$A44,증강_300!$V:$V,D$42) -> 24 | E44: =COUNTIFS(증강_300!$I:$I,$A44,증강_300!$V:$V,E$42) -> 1 | F44: =COUNTIFS(증강_300!$I:$I,$A44,증강_300!$V:$V,F$42) -> 0
A45: complex | B45: =COUNTIFS(증강_300!$I:$I,$A45,증강_300!$V:$V,B$42) -> 52 | C45: =COUNTIFS(증강_300!$I:$I,$A45,증강_300!$V:$V,C$42) -> 16 | D45: =COUNTIFS(증강_300!$I:$I,$A45,증강_300!$V:$V,D$42) -> 10 | E45: =COUNTIFS(증강_300!$I:$I,$A45,증강_300!$V:$V,E$42) -> 0 | F45: =COUNTIFS(증강_300!$I:$I,$A45,증강_300!$V:$V,F$42) -> 0
A47: risk tag | B47: train | C47: holdout | D47: 보류_vendor100 | E47: 300 전체
A48: dt_pickup | B48: =COUNTIFS(증강_300!$O:$O,"*"&$A48&"*",증강_300!$V:$V,"train") -> 3 | C48: =COUNTIFS(증강_300!$O:$O,"*"&$A48&"*",증강_300!$V:$V,"holdout") -> 1 | D48: =COUNTIFS(증강_300!$O:$O,"*"&$A48&"*",증강_300!$V:$V,"보류_vendor100") -> 1 | E48: =COUNTIF(증강_300!$O:$O,"*"&$A48&"*") -> 5
A49: dt_dropoff | B49: =COUNTIFS(증강_300!$O:$O,"*"&$A49&"*",증강_300!$V:$V,"train") -> 3 | C49: =COUNTIFS(증강_300!$O:$O,"*"&$A49&"*",증강_300!$V:$V,"holdout") -> 1 | D49: =COUNTIFS(증강_300!$O:$O,"*"&$A49&"*",증강_300!$V:$V,"보류_vendor100") -> 1 | E49: =COUNTIF(증강_300!$O:$O,"*"&$A49&"*") -> 5
A50: dt_both | B50: =COUNTIFS(증강_300!$O:$O,"*"&$A50&"*",증강_300!$V:$V,"train") -> 12 | C50: =COUNTIFS(증강_300!$O:$O,"*"&$A50&"*",증강_300!$V:$V,"holdout") -> 5 | D50: =COUNTIFS(증강_300!$O:$O,"*"&$A50&"*",증강_300!$V:$V,"보류_vendor100") -> 5 | E50: =COUNTIF(증강_300!$O:$O,"*"&$A50&"*") -> 22
A51: od_both_dt_one | B51: =COUNTIFS(증강_300!$O:$O,"*"&$A51&"*",증강_300!$V:$V,"train") -> 1 | C51: =COUNTIFS(증강_300!$O:$O,"*"&$A51&"*",증강_300!$V:$V,"holdout") -> 1 | D51: =COUNTIFS(증강_300!$O:$O,"*"&$A51&"*",증강_300!$V:$V,"보류_vendor100") -> 0 | E51: =COUNTIF(증강_300!$O:$O,"*"&$A51&"*") -> 2
A52: occupied_passage | B52: =COUNTIFS(증강_300!$O:$O,"*"&$A52&"*",증강_300!$V:$V,"train") -> 5 | C52: =COUNTIFS(증강_300!$O:$O,"*"&$A52&"*",증강_300!$V:$V,"holdout") -> 2 | D52: =COUNTIFS(증강_300!$O:$O,"*"&$A52&"*",증강_300!$V:$V,"보류_vendor100") -> 3 | E52: =COUNTIF(증강_300!$O:$O,"*"&$A52&"*") -> 10
A53: silcha_trip | B53: =COUNTIFS(증강_300!$O:$O,"*"&$A53&"*",증강_300!$V:$V,"train") -> 7 | C53: =COUNTIFS(증강_300!$O:$O,"*"&$A53&"*",증강_300!$V:$V,"holdout") -> 1 | D53: =COUNTIFS(증강_300!$O:$O,"*"&$A53&"*",증강_300!$V:$V,"보류_vendor100") -> 8 | E53: =COUNTIF(증강_300!$O:$O,"*"&$A53&"*") -> 17
A54: status_vacant | B54: =COUNTIFS(증강_300!$O:$O,"*"&$A54&"*",증강_300!$V:$V,"train") -> 8 | C54: =COUNTIFS(증강_300!$O:$O,"*"&$A54&"*",증강_300!$V:$V,"holdout") -> 2 | D54: =COUNTIFS(증강_300!$O:$O,"*"&$A54&"*",증강_300!$V:$V,"보류_vendor100") -> 2 | E54: =COUNTIF(증강_300!$O:$O,"*"&$A54&"*") -> 12
A55: status_stationary | B55: =COUNTIFS(증강_300!$O:$O,"*"&$A55&"*",증강_300!$V:$V,"train") -> 1 | C55: =COUNTIFS(증강_300!$O:$O,"*"&$A55&"*",증강_300!$V:$V,"holdout") -> 1 | D55: =COUNTIFS(증강_300!$O:$O,"*"&$A55&"*",증강_300!$V:$V,"보류_vendor100") -> 1 | E55: =COUNTIF(증강_300!$O:$O,"*"&$A55&"*") -> 3
A56: vicinity | B56: =COUNTIFS(증강_300!$O:$O,"*"&$A56&"*",증강_300!$V:$V,"train") -> 12 | C56: =COUNTIFS(증강_300!$O:$O,"*"&$A56&"*",증강_300!$V:$V,"holdout") -> 3 | D56: =COUNTIFS(증강_300!$O:$O,"*"&$A56&"*",증강_300!$V:$V,"보류_vendor100") -> 3 | E56: =COUNTIF(증강_300!$O:$O,"*"&$A56&"*") -> 18
A57: bucket_week | B57: =COUNTIFS(증강_300!$O:$O,"*"&$A57&"*",증강_300!$V:$V,"train") -> 2 | C57: =COUNTIFS(증강_300!$O:$O,"*"&$A57&"*",증강_300!$V:$V,"holdout") -> 2 | D57: =COUNTIFS(증강_300!$O:$O,"*"&$A57&"*",증강_300!$V:$V,"보류_vendor100") -> 1 | E57: =COUNTIF(증강_300!$O:$O,"*"&$A57&"*") -> 5
A58: bucket_month | B58: =COUNTIFS(증강_300!$O:$O,"*"&$A58&"*",증강_300!$V:$V,"train") -> 2 | C58: =COUNTIFS(증강_300!$O:$O,"*"&$A58&"*",증강_300!$V:$V,"holdout") -> 1 | D58: =COUNTIFS(증강_300!$O:$O,"*"&$A58&"*",증강_300!$V:$V,"보류_vendor100") -> 1 | E58: =COUNTIF(증강_300!$O:$O,"*"&$A58&"*") -> 4
A59: agg_explicit | B59: =COUNTIFS(증강_300!$O:$O,"*"&$A59&"*",증강_300!$V:$V,"train") -> 105 | C59: =COUNTIFS(증강_300!$O:$O,"*"&$A59&"*",증강_300!$V:$V,"holdout") -> 34 | D59: =COUNTIFS(증강_300!$O:$O,"*"&$A59&"*",증강_300!$V:$V,"보류_vendor100") -> 30 | E59: =COUNTIF(증강_300!$O:$O,"*"&$A59&"*") -> 172
... A64: global | B64: =COUNTIFS(증강_300!$O:$O,"*"&$A64&"*",증강_300!$V:$V,"train") -> 15 | C64: =COUNTIFS(증강_300!$O:$O,"*"&$A64&"*",증강_300!$V:$V,"holdout") -> 6 | D64: =COUNTIFS(증강_300!$O:$O,"*"&$A64&"*",증강_300!$V:$V,"보류_vendor100") -> 3 | E64: =COUNTIF(증강_300!$O:$O,"*"&$A64&"*") -> 25

Sheet 메타
A1: 항목 | B1: 내용
A2: 증강 기준 | B2: 7개 의미 유형 + 실행 조건(Factor) + 표현 다양화
A3: 난이도 비율 | B3: 단순 30% / 중간 40% / 복합 30% (90/120/90) — v2에서 SCOPE_NAME 30건을 simple로 바로잡아 120/102/78
A4: GitHub branch | B4: https://github.com/7829hw/assistant_univ/tree/geoflow/partial-grounding
A5: Query loader | B5: https://github.com/7829hw/assistant_univ/blob/geoflow/partial-grounding/query_loader.py
A6: Tool schema | B6: https://github.com/7829hw/assistant_univ/blob/geoflow/partial-grounding/schemas/tims.yaml
A7: Gazetteer schema | B7: https://github.com/7829hw/assistant_univ/blob/geoflow/partial-grounding/schemas/gazetteer.yaml
A8: Guide source | B8: DATA_AUGMENTATION_GUIDE(3).md
A9: YAML 출력 | B9: id/question 최소 계약에 맞춰 별도 파일 2종 생성
A10: v2 개정일 | B10: 2026-10-15
A11: v2 수정 | B11: 질문 3건(130·305·306) 정답·질문 불일치 수정, SCOPE_NAME 난이도 30건 수정. 수정 셀은 노란색, 셀 메모에 수정 전 값
A12: v2 추가 열 | B12: L–W열: 수정 이력, canonical_id(aug300-<ID>), family_id, risk_tags, 보호셋 겹침 지표, 사용 상태(제안), 상태 사유
... A17: 검증 | B17: 정답 규칙 검사(날짜·시간·택시 유형·상태·순위·limit·집계·묶음 단위·장소명·vicinity) 300건 통과(v2 기준)

Sheet 보호셋_겹침
A1: 질문 ID | B1: 상태 | C1: 질문 | D1: vendor100 ID | E1: vendor100 질문 | F1: Jaccard | G1: 동일 정답 | H1: 기타 보호셋 | I1: 기타 질문 | J1: 기타 Jaccard
A2: 200 | B2: 보류_vendor100 | C2: 지난주 대구 소속 개인택시의 평균 공차율은? | D2: 045 | E2: 지난 주 대구 소속 개인택시의 평균 공차율은? | F2: 1 | G2: 045 | H2: selection_v2 old44/g21 | I2: 주말 대구 소속 택시의 평균 공차율은? | J2: 0.476
A3: 291 | B3: 보류_vendor100 | C3: 지난주 대구에서 승차 건수가 적은 읍면동 하위 2곳은? | D3: 044 | E3: 지난 주 대구에서 승차 건수가 적은 읍면동 하위 2곳은? | F3: 1 | G3: 044 | H3: selection_v2 old44/g06 | I3: 지난 주 대구 중구의 읍면동별 법인택시 통행량 하위 2곳은? | J3: 0.222
A4: 230 | B4: 보류_vendor100 | C4: 대구 소속 택시의 평균 요금은? | D4: 086 | E4: 올해 대구 소속 택시의 평균 요금은? | F4: 0.846 | H4: selection_v2 old44/g21 | I4: 주말 대구 소속 택시의 평균 공차율은? | J4: 0.389
A5: 105 | B5: 보류_vendor100 | C5: 대구 신천동의 공차 택시 통행량은? | D5: 019 | E5: 지난 주 대구 신천동의 공차 택시 통행량은? | F5: 0.812 | H5: selection_v2 old44/g37 | I5: 대구 중앙로동의 택시 통행량은? | J5: 0.25
A6: 114 | B6: 보류_vendor100 | C6: 주말 대구 두류동의 개인 대기영업 택시 통행량은? | D6: 055 | E6: 휴일 대구 두류동의 개인 대기영업 택시 통행량은? | F6: 0.81 | H6: selection_v2 old44/g03 | I6: 휴일 대구 달서구의 대기영업 법인택시 통행량은? | J6: 0.226
A7: 289 | B7: 보류_vendor100 | C7: 지난달 오후 6시부터 8시까지 대구 신천동에서 부산 초량동까지의 실차 구간 건수는? | D7: 022 | E7: 지난달 오후 6시부터 8시까지 대구 신천동에서 부산 초량동에 도착한 실차 구간 건수는? | F7: 0.725 | G7: 022 | H7: selection_v2 contrast/c03a | I7: 이번 주 대구 동인동에서 부산 초량동으로 간 실차 구간 건수는? | J7: 0.261
A8: 243 | B8: 보류_vendor100 | C8: 지난주 대구 소속 택시의 평균 요금은? | D8: 086 | E8: 올해 대구 소속 택시의 평균 요금은? | F8: 0.688 | H8: valid98 heldout_v9/h34 | I8: 지난주 대구 소속 택시들의 평균 요금은 얼마인가요? | J8: 0.478
A9: 354 | B9: 보류_vendor100 | C9: 지난달 대구 수성구 소속 개인택시의 주별 평균 운행 일수 중 중간값은? | D9: 098 | E9: 지난달 대구 소속 개인택시의 주별 평균 운행 일수의 중간값은? | F9: 0.645 | H9: selection_v2 old44/g31 | I9: 지난달 대구 소속 택시의 주별 평균 운행 일수 중 가장 큰 값은? | J9: 0.429
A10: 293 | B10: 보류_vendor100 | C10: 지난주 대구에서 부산까지 이동한 읍면동 간 OD 노선 상위 3개는? | D10: 006 | E10: 대구에서 부산으로 이동한 읍면동 간 OD 노선 상위 3개는? | F10: 0.633 | H10: selection_v2 contrast/c04b | I10: 지난달 대구에서 부산으로 이동한 읍면동 간 노선 상위 3개는? | J10: 0.429
A11: 108 | B11: 보류_vendor100 | C11: 이번 달 scope:district:2600000000의 택시 통행량을 알려줘. | D11: 088 | E11: 이번 달 scope:district:2600000000의 법인 실차 택시 통행량은? | F11: 0.625 | H11: valid98 heldout_v9/h36 | I11: scope:district:2726000000 이 어느 지역인지 이름으로 알려줘. | J11: 0.396
A12: 292 | B12: 보류_vendor100 | C12: 이번 달 부산에 도착한 실차의 하차 건수가 적은 읍면동 하위 2곳은? | D12: 041 | E12: 이번 달 부산에서 하차 건수가 적은 읍면동 하위 2곳은? | F12: 0.621 | G12: 041 | H12: selection_v2 old44/g06 | I12: 지난 주 대구 중구의 읍면동별 법인택시 통행량 하위 2곳은? | J12: 0.114
A13: 195 | B13: 보류_vendor100 | C13: 대구 수성구 소속 개인택시의 평균 공차율은? | D13: 045 | E13: 지난 주 대구 소속 개인택시의 평균 공차율은? | F13: 0.619 | H13: selection_v2 old44/g21 | I13: 주말 대구 소속 택시의 평균 공차율은? | J13: 0.409
A14: 123 | B14: 보류_vendor100 | C14: 이번 달 scope:district:2600000000의 읍면동별 실차 택시 통행량을 알려줘. | D14: 088 | E14: 이번 달 scope:district:2600000000의 법인 실차 택시 통행량은? | F14: 0.614 | H14: valid98 heldout_v9/h36 | I14: scope:district:2726000000 이 어느 지역인지 이름으로 알려줘. | J14: 0.352
A15: 303 | B15: 보류_vendor100 | C15: 2026년 6월 2일 자정부터 오전 4시까지 대구에서 부산까지 이동한 읍면동 간 OD 노선 상위 2개는? | D15: 075 | E15: 2026년 6월 4일 자정부터 오전 4시까지 대구에서 부산으로 이동한 읍면동 간 OD 상위 2개는? | F15: 0.608 | H15: selection_v2 contrast/c04b | I15: 지난달 대구에서 부산으로 이동한 읍면동 간 노선 상위 3개는? | J15: 0.222
A16: 178 | B16: 보류_vendor100 | C16: 2026년 6월 2일 오전 8시 30분부터 10시까지 scope:h3:8830e1d87ffffff의 최대 RPM 값은? | D16: 051 | E16: 주말 오전 8시부터 10시까지 scope:h3:8830e1d87ffffff의 최대 RPM은? | F16: 0.596 | H16: selection_v2 indepv3/m28 | I16: scope:h3:8830e1d8dffffff 구역의 지난달 평균 주행 속도는 얼마였지? | J16: 0.222
A17: 234 | B17: 보류_vendor100 | C17: 대구 수성구 소속 택시의 평균 요금은? | D17: 086 | E17: 올해 대구 소속 택시의 평균 요금은? | F17: 0.588 | H17: selection_v2 old44/g17 | I17: 지난달 서울 소속 개인택시의 평균 요금은? | J17: 0.304
A18: 163 | B18: 보류_vendor100 | C18: 휴일 오후 6시부터 8시까지 부산 초읍동 어린이대공원 주변 기준 RPM 중간값이 얼마야? | D18: 064 | E18: 주말 오후 6시부터 8시까지 부산 초읍동 어린이대공원 주변의 RPM 중간값은? | F18: 0.581 | H18: selection_v2 old44/g18 | I18: 2026년 7월 5일 오후 6시부터 9시까지 부산 소속 택시의 요금 중간값은? | J18: 0.155
A19: 225 | B19: 보류_vendor100 | C19: 2026년 6월 5일 자정부터 오전 4시까지 대구 중구 소속 개인택시의 평균 공차율은? | D19: 039 | E19: 2026년 6월 3일 자정부터 오전 4시까지 대구 소속 개인택시의 최소 공차율은? | F19: 0.581 | H19: selection_v2 old44/g21 | I19: 주말 대구 소속 택시의 평균 공차율은? | J19: 0.225
A20: 212 | B20: 보류_vendor100 | C20: 지난주 개인택시의 평균 공차율은? | D20: 045 | E20: 지난 주 대구 소속 개인택시의 평균 공차율은? | F20: 0.579 | H20: selection_v2 old44/g21 | I20: 주말 대구 소속 택시의 평균 공차율은? | J20: 0.421
A21: 260 | B21: 보류_vendor100 | C21: 주말 오후 6시부터 8시까지 대구 소속 택시의 요금 중간값은? | D21: 059 | E21: 주말 오후 6시부터 8시까지 대구 소속 택시의 평균 요금은? | F21: 0.567 | H21: selection_v2 old44/g18 | I21: 2026년 7월 5일 오후 6시부터 9시까지 부산 소속 택시의 요금 중간값은? | J21: 0.375
A22: 316 | B22: 보류_vendor100 | C22: 대구 소속 택시의 평균 수입은? | D22: 057 | E22: 지난달 부산 소속 택시의 평균 수입은? | F22: 0.562 | H22: aux_test_v1 at/t05d | I22: 지난달 대구 소속 택시의 수입은? | J22: 0.438
A23: 282 | B23: 보류_vendor100 | C23: 부산 안에서 읍면동 간 OD 노선 하위 2개는? | D23: 093 | E23: 이번 달 부산 안에서 이용이 적은 읍면동 간 OD 노선 하위 2개는? | F23: 0.556 | H23: selection_v2 contrast/c04b | I23: 지난달 대구에서 부산으로 이동한 읍면동 간 노선 상위 3개는? | J23: 0.079
A24: 204 | B24: 보류_vendor100 | C24: 지난달 대구 수성구 소속 법인택시의 평균 공차율은? | D24: 028 | E24: 부산 소속 법인택시의 평균 공차율은? | F24: 0.545 | H24: selection_v2 old44/g21 | I24: 주말 대구 소속 택시의 평균 공차율은? | J24: 0.36
A25: 144 | B25: 보류_vendor100 | C25: 대구 중구의 평균 속도는? | D25: 033 | E25: 대구 중구의 택시 평균 속도는? | F25: 0.538 | G25: 033 | H25: valid98 heldout_v9/h31 | I25: 지난달 수성구를 지난 택시들의 평균 속도는 얼마였어? | J25: 0.154
A26: 147 | B26: 보류_vendor100 | C26: scope:h3:8830e1d87ffffff의 최대 RPM 값을 조회해줘. | D26: 051 | E26: 주말 오전 8시부터 10시까지 scope:h3:8830e1d87ffffff의 최대 RPM은? | F26: 0.532 | H26: selection_v2 indepv3/m28 | I26: scope:h3:8830e1d8dffffff 구역의 지난달 평균 주행 속도는 얼마였지? | J26: 0.302
A27: 248 | B27: 보류_vendor100 | C27: 주중 오후 6시부터 8시까지 대구 달서구 소속 택시의 평균 요금을 알려줘. | D27: 059 | E27: 주말 오후 6시부터 8시까지 대구 소속 택시의 평균 요금은? | F27: 0.529 | H27: selection_v2 old44/g21 | I27: 주말 대구 소속 택시의 평균 공차율은? | J27: 0.162
A28: 112 | B28: 보류_vendor100 | C28: scope:district:2700000000의 시군구별 택시 통행량을 알려줘. | D28: 042 | E28: 지난 주 scope:district:2700000000의 공차 택시 통행량은? | F28: 0.524 | H28: valid98 heldout_v9/h36 | I28: scope:district:2726000000 이 어느 지역인지 이름으로 알려줘. | J28: 0.36
A29: 137 | B29: 보류_vendor100 | C29: 지난달 오후 6시부터 8시까지 대구 수성구의 읍면동별 법인 실차 택시 통행량 중 가장 많은 곳은? | D29: 037 | E29: 지난달 대구 수성구의 읍면동별 실차 택시 통행량 중 가장 많은 곳은? | F29: 0.524 | H29: selection_v2 old44/g04 | I29: 주중 대구의 시군구별 실차 택시 통행량이 가장 많은 곳은? | J29: 0.2
A30: 398 | B30: 보류_vendor100 | C30: scope:district:2617010100의 대응 지역명은? | D30: 066 | E30: scope:district:2617010100에 도착한 실차 구간 건수는? | F30: 0.524 | H30: selection_v2 old44/g35 | I30: scope:district:2723010200에서 출발해 scope:district:2617010100에 도착한 실차 구간 건수는? | J30: 0.393
A31: 369 | B31: 보류_vendor100 | C31: scope:district:2723510100의 대응 지역명은? | D31: 097 | E31: scope:district:2723510100에서 출발한 실차 구간 건수는? | F31: 0.523 | H31: selection_v2 indepv4/k21 | I31: 집계표에 scope:district:2723010100 이라고 나와 있는데 이게 어느 동이야? | J31: 0.377
A32: 333 | B32: 보류_vendor100 | C32: 지난주 대구 수성구 소속 개인택시의 평균 운행 일수는? | D32: 063 | E32: 지난 주 개인택시의 평균 운행 일수는? | F32: 0.522 | H32: selection_v2 old44/g26 | I32: 이번 달 대구 소속 택시의 평균 운행 일수는? | J32: 0.37
A33: 203 | B33: 보류_vendor100 | C33: 주말 인천 소속 개인택시의 공차율 중간값을 조회해줘. | D33: 004 | E33: 휴일 인천 소속 개인택시의 공차율 중간값은? | F33: 0.52 | H33: valid98 heldout_v8/r09 | I33: 지난달 부산 소속 택시의 요금 중간값을 조회해 주십시오 | J33: 0.167
A34: 331 | B34: 보류_vendor100 | C34: 이번 달 서울 소속 법인택시 기준 평균 활성택시 대수가 얼마야? | D34: 049 | E34: 이번 달 서울 소속 법인택시의 평균 활성택시 대수는? | F34: 0.517 | G34: 049 | H34: selection_v2 indepv4/k15 | I34: 이번 달 서울 소속 법인택시 하루 수입 평균 좀 알려 줄래? | J34: 0.25
A35: 132 | B35: 보류_vendor100 | C35: 이번 달 부산에서 시군구별 법인 실차 택시 통행량을 집계했을 때 상위 2곳은? | D35: 005 | E35: 이번 달 부산의 시군구별 법인 실차 택시 통행량 상위 2곳은? | F35: 0.514 | G35: 005 | H35: selection_v2 contrast/c05a | I35: 주말 대구의 시군구별 택시 통행량 상위 2곳은? | J35: 0.231
A36: 397 | B36: 보류_vendor100 | C36: scope:h3:8830e1d87ffffff의 대응 지역명은? | D36: 082 | E36: scope:h3:8830e1d87ffffff가 가리키는 지역명을 알려줘. | F36: 0.513 | G36: 082 | H36: selection_v2 indepv3/m28 | I36: scope:h3:8830e1d8dffffff 구역의 지난달 평균 주행 속도는 얼마였지? | J36: 0.333
A37: 366 | B37: 보류_vendor100 | C37: scope:h3:8830e1d87ffffff에 대응하는 장소 이름을 알려줘. | D37: 082 | E37: scope:h3:8830e1d87ffffff가 가리키는 지역명을 알려줘. | F37: 0.512 | G37: 082 | H37: selection_v2 indepv3/m28 | I37: scope:h3:8830e1d8dffffff 구역의 지난달 평균 주행 속도는 얼마였지? | J37: 0.296
A38: 175 | B38: 보류_vendor100 | C38: 주말 오후 6시부터 8시까지 부산 초읍동 어린이대공원 주변에서 기록된 최대 RPM 값을 알려줘. | D38: 064 | E38: 주말 오후 6시부터 8시까지 부산 초읍동 어린이대공원 주변의 RPM 중간값은? | F38: 0.511 | H38: selection_v2 indepv4/k05 | I38: 부산 어린이대공원 구간 도로에서 평일에 잰 택시 속도의 중앙값을 알려 줘. | J38: 0.133
A39: 359 | B39: 보류_vendor100 | C39: scope:h3:8830e1d87ffffff의 사람이 읽을 수 있는 지역·장소명을 알려줘. | D39: 082 | E39: scope:h3:8830e1d87ffffff가 가리키는 지역명을 알려줘. | F39: 0.511 | G39: 082 | H39: selection_v2 indepv3/m28 | I39: scope:h3:8830e1d8dffffff 구역의 지난달 평균 주행 속도는 얼마였지? | J39: 0.267
A40: 276 | B40: 보류_vendor100 | C40: 출발지가 scope:district:2723510100인 실차 구간은 몇 건이야? | D40: 097 | E40: scope:district:2723510100에서 출발한 실차 구간 건수는? | F40: 0.51 | G40: 097 | H40: selection_v2 indepv4/k21 | I40: 집계표에 scope:district:2723010100 이라고 나와 있는데 이게 어느 동이야? | J40: 0.356
A41: 259 | B41: 보류_vendor100 | C41: 주말 자정부터 오전 4시까지 scope:district:2726000000 소속 택시의 최소 요금은? | D41: 009 | E41: 휴일 자정부터 오전 4시까지 scope:district:2726000000의 개인 대기영업 택시 통행량은? | F41: 0.508 | H41: aux_test_v1 final_v12/f17 | I41: scope:district:2726000000 은 어느 지역이야? | J41: 0.392
A42: 182 | B42: 보류_vendor100 | C42: 주중 오후 6시부터 8시까지 부산 부산진구의 최대 속도는? | D42: 092 | E42: 주중 오후 6시부터 8시까지 부산 수영구의 최소 속도는? | F42: 0.5 | H42: selection_v2 old44/g18 | I42: 2026년 7월 5일 오후 6시부터 9시까지 부산 소속 택시의 요금 중간값은? | J42: 0.149
A43: 231 | B43: 보류_vendor100 | C43: 부산 소속 택시의 요금 중간값을 알려줘. | D43: 061 | E43: 지난해 부산 소속 택시의 요금 중간값은? | F43: 0.5 | H43: valid98 heldout_v8/r09 | I43: 지난달 부산 소속 택시의 요금 중간값을 조회해 주십시오 | J43: 0.44
A44: 294 | B44: 보류_vendor100 | C44: 지난달 부산에서 대구까지 이동한 시군구 간 OD 노선 하위 2개는? | D44: 012 | E44: 지난달 부산에서 대구로 이동한 읍면동 간 OD 노선 하위 2개는? | F44: 0.5 | H44: aux_test_v1 final_v12/f34 | I44: 지난달 부산에서 대기영업 중이던 개인택시의 통행량은 몇입니까? | J44: 0.13
A45: 389 | B45: 보류_vendor100 | C45: scope:district:2700000000의 대응 지역명은? | D45: 042 | E45: 지난 주 scope:district:2700000000의 공차 택시 통행량은? | F45: 0.5 | H45: aux_test_v1 final_v12/f17 | I45: scope:district:2726000000 은 어느 지역이야? | J45: 0.421
A46: 277 | B46: 보류_vendor100 | C46: scope:district:2617010100 하차 기준 실차 이동 건수를 알려줘. | D46: 066 | E46: scope:district:2617010100에 도착한 실차 구간 건수는? | F46: 0.449 | G46: 066 | H46: selection_v2 old44/g35 | I46: scope:district:2723010200에서 출발해 scope:district:2617010100에 도착한 실차 구간 건수는? | J46: 0.349
A47: 188 | B47: 보류_vendor100 | C47: 부산 소속 법인택시 평균 공차율을 알려줘. | D47: 028 | E47: 부산 소속 법인택시의 평균 공차율은? | F47: 0.429 | G47: 028 | H47: selection_v2 old44/g23 | I47: 지난달 부산 소속 법인택시의 총 수입은? | J47: 0.24
A48: 329 | B48: 보류_vendor100 | C48: 지난달 대구 소속 법인택시 수입의 합계는? | D48: 077 | E48: 지난달 대구 소속 법인택시의 총 수입은? | F48: 0.409 | G48: 077 | H48: selection_v2 indepv4/k13 | I48: 지난달 대구 달서구 소속 법인택시의 공차율은 평균적으로 어떻게 나와? | J48: 0.222
A49: 115 | B49: 보류_vendor100 | C49: 주중 오전 8시 30분부터 10시까지 부산 초읍동에서 개인 공차 택시가 얼마나 통행했어? | D49: 072 | E49: 주중 오전 8시 30분부터 10시까지 부산 초읍동의 공차 개인택시 통행량은? | F49: 0.396 | G49: 072 | H49: selection_v2 old44/g39 | I49: 주중 오전 8시부터 10시까지 대구 태평로동의 평균 RPM은? | J49: 0.173
A50: 350 | B50: 보류_vendor100 | C50: 지난해 대구 법인택시의 월별 총수입 가운데 최고값은? | D50: 100 | E50: 지난해 대구 소속 법인택시의 월별 총 수입 중 가장 큰 값은? | F50: 0.387 | G50: 100 | H50: valid98 stage_v7/s03a | I50: 지난해 대구 소속 법인택시의 월별 수입 합계 중 가장 큰 값은? | J50: 0.257
A51: 161 | B51: 보류_vendor100 | C51: 지난달 대구 수성구의 최대 RPM 값은? | D51: 087 | E51: 지난달 대구 수성구에서 기록된 최대 RPM은? | F51: 0.375 | G51: 087 | H51: selection_v2 old44/g08 | I51: 2026년 7월 1일부터 7일까지 대구 수성구의 RPM 최댓값은? | J51: 0.167
A52: 281 | B52: 보류_vendor100 | C52: 시도 간 OD 노선 상위 3개는? | D52: 006 | E52: 대구에서 부산으로 이동한 읍면동 간 OD 노선 상위 3개는? | F52: 0.36 | G52: 038 | H52: selection_v2 contrast/c04b | I52: 지난달 대구에서 부산으로 이동한 읍면동 간 노선 상위 3개는? | J52: 0.207
A53: 157 | B53: 보류_vendor100 | C53: 주말 오전 7시부터 9시 사이 대구 달서구에서 기록된 평균 속도를 알려줘. | D53: 050 | E53: 주말 오전 7시부터 9시까지 대구 달서구의 평균 속도는? | F53: 0.342 | G53: 050 | H53: valid98 heldout_v9/h32 | I53: 어제 오전 7시부터 9시 사이 동성로 부근에서 택시가 낸 최고 속도는? | J53: 0.167
A54: 159 | B54: 보류_vendor100 | C54: 지난달 부산 광안리 주변 기준 최대 속도 값이 얼마야? | D54: 096 | E54: 지난달 부산 광안리 근처의 최대 속도는? | F54: 0.296 | G54: 096 | H54: valid98 heldout_v8/r01 | I54: 지난달 대구 택시 하루 평균 수익금이 얼마야? | J54: 0.121
A55: 338 | B55: 보류_vendor100 | C55: 지난달 개인택시의 시도별 평균 수입을 높은 순서로 3곳 알려줘. | D55: 065 | E55: 지난달 요일별 개인택시 평균 수입을 많은 순서로 2개 요일 알려줘. | F55: 0.244 | G55: 076 | H55: selection_v2 indepv2/n15 | I55: 이번 달 시도별 법인택시 가동률 최솟값을 높은 순서로 2곳 보여줘. | J55: 0.133
A56: 273 | B56: 보류_vendor100 | C56: 대구 수성구를 출발지로 한 실차 이동 건수는? | D56: 071 | E56: 대구 수성구에서 출발한 실차 구간 건수는? | F56: 0.222 | G56: 071 | H56: aux_test_v1 final_v12/f25 | I56: 주말에 대구 수성구 안에서 타고 내린 택시 운행은 모두 몇 건이야? | J56: 0.077
A57: 275 | B57: 보류_vendor100 | C57: 대구 신천동→부산 초량동 실차 이동 건수를 알려줘. | D57: 053 | E57: 대구 신천동에서 부산 초량동까지의 실차 구간 건수는? | F57: 0.171 | G57: 053 | H57: selection_v2 old44/g11 | I57: 주말 부산 초량동으로 들어온 실차 구간 건수는? | J57: 0.086
... A59: 274 | B59: 보류_vendor100 | C59: 부산 초량동 하차 기준 실차 이동 건수를 알려줘. | D59: 069 | E59: 부산 초량동에 도착한 실차 구간 건수는? | F59: 0.1 | G59: 069 | H59: selection_v2 old44/g11 | I59: 주말 부산 초량동으로 들어온 실차 구간 건수는? | J59: 0.091
A60: 324 | B60: 제외 | C60: 개인택시의 평균 운행 일수는? | D60: 063 | E60: 지난 주 개인택시의 평균 운행 일수는? | F60: 0.786 | H60: selection_v2 old44/g26 | I60: 이번 달 대구 소속 택시의 평균 운행 일수는? | J60: 0.5
A61: 187 | B61: 제외 | C61: 대구 소속 택시의 평균 공차율은? | D61: 099 | E61: 올해 부산 소속 택시의 평균 공차율은? | F61: 0.625 | H61: selection_v2 old44/g21 | I61: 주말 대구 소속 택시의 평균 공차율은? | J61: 0.857
A62: 242 | B62: 제외 | C62: 대구 동구 소속 택시의 최대 요금은? | D62: 052 | E62: 이번 달 대구 소속 택시의 최대 요금은? | F62: 0.588 | H62: selection_v2 old44/g19 | I62: 올해 인천 소속 택시의 최대 요금은? | J62: 0.529
A63: 290 | B63: 제외 | C63: 2026년 6월 2일 오전 7시부터 9시까지 scope:district:2723510100에서 출발해 scope:district:2617010100에 도착한 실차 구간이 몇 건이야? | D63: 066 | E63: scope:district:2617010100에 도착한 실차 구간 건수는? | F63: 0.423 | H63: selection_v2 old44/g35 | I63: scope:district:2723010200에서 출발해 scope:district:2617010100에 도착한 실차 구간 건수는? | J63: 0.513
A64: 394 | B64: 제외 | C64: scope:district:2726000000의 대응 지역명은? | D64: 088 | E64: 이번 달 scope:district:2600000000의 법인 실차 택시 통행량은? | F64: 0.419 | H64: aux_test_v1 final_v12/f17 | I64: scope:district:2726000000 은 어느 지역이야? | J64: 0.556

Sheet 수정_이력
A1: 질문 ID | B1: 열 | C1: 수정 전 | D1: 수정 후 | E1: 사유
A2: 305 | B2: 질문 | C2: 주말 오후 6시부터 8시까지 부산에 도착한 실차의 하차 건수가 많은 읍면동 상위 3곳은? | D2: 주말 오후 6시부터 8시까지 대구 수성구에서 손님을 태워 부산에 도착한 실차의 하차 읍면동 상위 3곳은? | E2: 질문이 정답·Factors(spatial_ref=대구/수성구|부산)의 출발 조건을 빠뜨림. 정답을 유지하고 질문에 출발지를 복원(od_role pickup ≠ dimension_target dropoff 문항이 됨)
A3: 306 | B3: 질문 | C3: 주중 오전 8시 30분부터 10시까지 대구에서 승차 건수가 적은 읍면동 하위 2곳은? | D3: 주중 오전 8시 30분부터 10시까지 부산 수영구로 간 실차를 기준으로, 대구에서 승차가 가장 적은 읍면동 2곳은? | E3: 질문이 정답·Factors(spatial_ref=대구|부산/수영구)의 도착 조건을 빠뜨림. 정답을 유지하고 질문에 도착지를 복원(od_role dropoff ≠ dimension_target pickup 문항이 됨)
A4: 130 | B4: 질문 | C4: 이번 달 부산 초량동의 읍면동별 법인택시 통행량을 알려줘. | D4: 이번 달 부산 부산진구의 읍면동별 법인택시 통행량을 알려줘. | E4: 초량동은 읍면동 단위라 "초량동의 읍면동별"은 한 행짜리 퇴화 질문. 같은 시의 시군구로 교체
A5: 130 | B5: 정답 Tool | C5: get_place_scope(name=초량동, region=부산) get_passage_count(scope=$resolve.scope, date=this_month, taxi_type=corporate, dimension=emd) | D5: get_place_scope(name=부산진구, region=부산) get_passage_count(scope=$resolve.scope, date=this_month, taxi_type=corporate, dimension=emd) | E5: 130 질문 수정에 맞춤
A6: 130 | B6: Factors | C6: spatial_ref=부산/초량동; space=admin; date=this_month; taxi_type=corporate; group_by=emd | D6: spatial_ref=부산/부산진구; space=admin; date=this_month; taxi_type=corporate; group_by=emd | E6: 130 질문 수정에 맞춤
A7: 371 | B7: 난이도 | C7: medium | D7: simple | E7: SCOPE_NAME은 모두 get_scope_name 한 번 호출로 같은 구조. medium·complex 표시는 근거 없음
A8: 372 | B8: 난이도 | C8: medium | D8: simple | E8: SCOPE_NAME은 모두 get_scope_name 한 번 호출로 같은 구조. medium·complex 표시는 근거 없음
A9: 373 | B9: 난이도 | C9: medium | D9: simple | E9: SCOPE_NAME은 모두 get_scope_name 한 번 호출로 같은 구조. medium·complex 표시는 근거 없음
A10: 374 | B10: 난이도 | C10: medium | D10: simple | E10: SCOPE_NAME은 모두 get_scope_name 한 번 호출로 같은 구조. medium·complex 표시는 근거 없음
A11: 375 | B11: 난이도 | C11: medium | D11: simple | E11: SCOPE_NAME은 모두 get_scope_name 한 번 호출로 같은 구조. medium·complex 표시는 근거 없음
A12: 376 | B12: 난이도 | C12: medium | D12: simple | E12: SCOPE_NAME은 모두 get_scope_name 한 번 호출로 같은 구조. medium·complex 표시는 근거 없음
... A38: - | B38: 분포_요약 | C38: 숫자 직접 입력 | D38: 증강_300을 세는 COUNTIFS 수식 | E38: 수정 뒤 값이 자동으로 맞도록

Sheet 보강_필요
A1: 약점 | B1: 300문항 안 현황(v2) | C1: 왜 필요한가 | D1: 채울 곳
A2: "실차" 없는 occupied 통행량 표현(손님·승객을 태운 택시의 통행량) | B2: 0건. occupied 10건 모두 "실차"라는 단어를 그대로 씀 | C2: pilot_004에서 "실차" 표현(g02·g04)은 해결됐고 n33("손님을 태운 택시") 유형만 남음 | D2: batch007 후보 27건(결정 104) 검토·승인
A3: implicit endpoint 동사형 dimension_target("태운 곳", "내려준 곳" 기준 묶음) | B3: 0건. dt 32건의 단서는 "승차 건수 / 하차 건수 / OD 노선"으로 명시적 | C3: partial-grounding p0_sft_004에서 canonical 6문항 0/6, implicit_endpoint_verb 부분집합 개선 없음 | D3: partial-grounding reviewed_reasoning_v002 후보(Gap A 동사형). 같은 6문항 반복 대신 새 문항
A4: 순위 없는 dimension_target(묶음만 하고 order 없음) | B4: 0건. dt 문항 32건 모두 order와 함께 나옴 | C4: "순위 질문이면 dt"라는 지름길을 끊기 위한 대조 | D4: 신규 작성(get_trip_count + dimension + dimension_target, order 없음)
A5: OD 조건과 dimension_target이 다른 문항 | B5: 2건(305·306, v2에서 질문 복원으로 생김) | C5: p0_sft_004 od≠dt 부분집합 n=35에서 base 16, JSON-only 7. 가장 약한 경계 | D5: partial-grounding Gap B 승인분 + 신규 작성
A6: scope 역조회 결합(집계 결과 scope → 이름) | B6: 0건. SCOPE_NAME 42건은 단일 get_scope_name 직접 조회 | C6: p0_sft_004에서 scope 역조회 붕괴(8/9 → 1/9)가 NO_MEASURE 구조 오류의 원인 | D6: partial-grounding batch006 Gap C(b006-44–53, 결정 67로 미승인) 재검토
A7: value 없는 place 대조(지역 묶음어를 measure place로 쓰지 않는 예) | B7: 명시적 대조 0건 | C7: p0_sft_004 MULTIPLE_MEASURES 2 → 17. Partial 구조 회귀의 첫째 원인 | D7: 신규 작성. Partial arm 구조 gate의 진단용으로도 사용
A8: SCOPE_NAME 다양성 | B8: 42건이 표현 3종 × scope 14개의 반복 | C8: 같은 꼴 반복은 학습 비중만 키움 | D8: v2에서 scope당 1문항만 남김(축소 22건). 역조회 결합 문항으로 대체 권장
A9: bucket vs dimension 대조(주별·월별 bucket ↔ 요일별 dimension) | B9: bucket 9건(v2 사용 가능 7), dayofweek dimension 다수 | C9: Partial P0.2/P0.3에서 week/month와 dimension 혼동 증가 | D9: 같은 지표·기간에서 bucket/dimension만 다른 쌍 신규 작성
